architecture,horizon,group,time_step,step_index,mean_attention,n_windows,frac_step_observed,mean_cell_observed
transformer,1,true_positive,t-7,0,0.11754660308361053,8,1.0,0.8922413793103449
transformer,1,true_positive,t-6,1,0.11590370535850525,8,1.0,0.8922413793103449
transformer,1,true_positive,t-5,2,0.11743126809597015,8,1.0,0.8922413793103449
transformer,1,true_positive,t-4,3,0.11758708953857422,8,1.0,0.8836206896551724
transformer,1,true_positive,t-3,4,0.11422842741012573,8,1.0,0.9008620689655172
transformer,1,true_positive,t-2,5,0.11522151529788971,8,1.0,0.9051724137931034
transformer,1,true_positive,t-1,6,0.12788552045822144,8,1.0,0.8922413793103449
transformer,1,true_positive,t-0,7,0.17419585585594177,8,1.0,0.9051724137931034
transformer,1,true_negative,t-7,0,0.1220351979136467,32087,0.999314833847208,0.8751247099051614
transformer,1,true_negative,t-6,1,0.12065599113702774,32108,0.999968856083964,0.8800433007825714
transformer,1,true_negative,t-5,2,0.12003043293952942,32109,1.0,0.8832919334035683
transformer,1,true_negative,t-4,3,0.11844485253095627,32109,1.0,0.8850821716115688
transformer,1,true_negative,t-3,4,0.11701846122741699,32109,1.0,0.8862967843369729
transformer,1,true_negative,t-2,5,0.11898896098136902,32109,1.0,0.8858801002189739
transformer,1,true_negative,t-1,6,0.13003107905387878,32109,1.0,0.8851680858627026
transformer,1,true_negative,t-0,7,0.15279679000377655,32109,1.0,0.8838278235450153
transformer,1,all_positive,t-7,0,0.12178505212068558,60,1.0,0.8586206896551725
transformer,1,all_positive,t-6,1,0.12073405832052231,60,1.0,0.8672413793103448
transformer,1,all_positive,t-5,2,0.11790767312049866,60,1.0,0.8833333333333333
transformer,1,all_positive,t-4,3,0.11883024126291275,60,1.0,0.8804597701149425
transformer,1,all_positive,t-3,4,0.11646943539381027,60,1.0,0.8982758620689655
transformer,1,all_positive,t-2,5,0.11789869517087936,60,1.0,0.9045977011494253
transformer,1,all_positive,t-1,6,0.12888535857200623,60,1.0,0.903448275862069
transformer,1,all_positive,t-0,7,0.15748949348926544,60,1.0,0.8936781609195402
transformer,1,all_negative,t-7,0,0.12202907353639603,32134,0.9993158353028984,0.8751431598543308
transformer,1,all_negative,t-6,1,0.12065187841653824,32155,0.9999689016046772,0.8800631404660899
transformer,1,all_negative,t-5,2,0.12002737820148468,32156,1.0,0.8833145313150117
transformer,1,all_negative,t-4,3,0.11844275146722794,32156,1.0,0.8851139488098966
transformer,1,all_negative,t-3,4,0.11701694130897522,32156,1.0,0.8863471610382145
transformer,1,all_negative,t-2,5,0.11898673325777054,32156,1.0,0.8859385924651805
transformer,1,all_negative,t-1,6,0.13002924621105194,32156,1.0,0.8852297635235126
transformer,1,all_negative,t-0,7,0.1528177559375763,32156,1.0,0.8838882430907945
cnn_lstm_attn,1,true_positive,t-7,0,0.01286374032497406,8,1.0,0.8922413793103449
cnn_lstm_attn,1,true_positive,t-6,1,0.01286374032497406,8,1.0,0.8663793103448276
cnn_lstm_attn,1,true_positive,t-5,2,0.10304372012615204,8,1.0,0.8663793103448276
cnn_lstm_attn,1,true_positive,t-4,3,0.10304372012615204,8,1.0,0.8663793103448276
cnn_lstm_attn,1,true_positive,t-3,4,0.14575234055519104,8,1.0,0.8663793103448276
cnn_lstm_attn,1,true_positive,t-2,5,0.14575234055519104,8,1.0,0.8706896551724138
cnn_lstm_attn,1,true_positive,t-1,6,0.23834021389484406,8,1.0,0.8577586206896551
cnn_lstm_attn,1,true_positive,t-0,7,0.23834021389484406,8,1.0,0.8706896551724138
cnn_lstm_attn,1,true_negative,t-7,0,0.05352814495563507,32044,0.999313915050209,0.8751970612336194
cnn_lstm_attn,1,true_negative,t-6,1,0.05353010818362236,32065,0.999968814320464,0.8801340769146394
cnn_lstm_attn,1,true_negative,t-5,2,0.10170498490333557,32066,1.0,0.8833784629546388
cnn_lstm_attn,1,true_negative,t-4,3,0.10170498490333557,32066,1.0,0.8851646496342672
cnn_lstm_attn,1,true_negative,t-3,4,0.14661528170108795,32066,1.0,0.8864056246061464
cnn_lstm_attn,1,true_negative,t-2,5,0.14661528170108795,32066,1.0,0.8860045122452184
cnn_lstm_attn,1,true_negative,t-1,6,0.19815103709697723,32066,1.0,0.8852850908793717
cnn_lstm_attn,1,true_negative,t-0,7,0.19815103709697723,32066,1.0,0.8839473327641051
cnn_lstm_attn,1,all_positive,t-7,0,0.07251254469156265,60,1.0,0.8586206896551725
cnn_lstm_attn,1,all_positive,t-6,1,0.07251254469156265,60,1.0,0.8672413793103448
cnn_lstm_attn,1,all_positive,t-5,2,0.09574619680643082,60,1.0,0.8833333333333333
cnn_lstm_attn,1,all_positive,t-4,3,0.09574619680643082,60,1.0,0.8804597701149425
cnn_lstm_attn,1,all_positive,t-3,4,0.1314498335123062,60,1.0,0.8982758620689655
cnn_lstm_attn,1,all_positive,t-2,5,0.1314498335123062,60,1.0,0.9045977011494253
cnn_lstm_attn,1,all_positive,t-1,6,0.20029142498970032,60,1.0,0.903448275862069
cnn_lstm_attn,1,all_positive,t-0,7,0.20029142498970032,60,1.0,0.8936781609195402
cnn_lstm_attn,1,all_negative,t-7,0,0.053482286632061005,32134,0.9993158353028984,0.8751431598543308
cnn_lstm_attn,1,all_negative,t-6,1,0.05348427593708038,32155,0.9999689016046772,0.8800631404660899
cnn_lstm_attn,1,all_negative,t-5,2,0.10163098573684692,32156,1.0,0.8833145313150117
cnn_lstm_attn,1,all_negative,t-4,3,0.10163098573684692,32156,1.0,0.8851139488098966
cnn_lstm_attn,1,all_negative,t-3,4,0.14653190970420837,32156,1.0,0.8863471610382145
cnn_lstm_attn,1,all_negative,t-2,5,0.14653190970420837,32156,1.0,0.8859385924651805
cnn_lstm_attn,1,all_negative,t-1,6,0.19835424423217773,32156,1.0,0.8852297635235126
cnn_lstm_attn,1,all_negative,t-0,7,0.19835424423217773,32156,1.0,0.8838882430907945
transformer,4,true_positive,t-7,0,0.11094730347394943,11,1.0,0.8934169278996865
transformer,4,true_positive,t-6,1,0.09434211254119873,11,1.0,0.8620689655172413
transformer,4,true_positive,t-5,2,0.09404017776250839,11,1.0,0.8652037617554859
transformer,4,true_positive,t-4,3,0.09104999899864197,11,1.0,0.8746081504702194
transformer,4,true_positive,t-3,4,0.0987715944647789,11,1.0,0.8746081504702194
transformer,4,true_positive,t-2,5,0.1197781041264534,11,1.0,0.8746081504702194
transformer,4,true_positive,t-1,6,0.16083306074142456,11,1.0,0.8714733542319749
transformer,4,true_positive,t-0,7,0.23023761808872223,11,1.0,0.8714733542319749
transformer,4,true_negative,t-7,0,0.1199055090546608,31800,0.9993400584519657,0.8751908574797168
transformer,4,true_negative,t-6,1,0.1119467094540596,31820,0.9999685742119984,0.8800217596490715
transformer,4,true_negative,t-5,2,0.10890001803636551,31821,1.0,0.8833203837413809
transformer,4,true_negative,t-4,3,0.10716237872838974,31821,1.0,0.8850813115173346
transformer,4,true_negative,t-3,4,0.10866626352071762,31821,1.0,0.8862928298271907
transformer,4,true_negative,t-2,5,0.11796452105045319,31821,1.0,0.8858127738242692
transformer,4,true_negative,t-1,6,0.14222900569438934,31821,1.0,0.8851138209531983
transformer,4,true_negative,t-0,7,0.18322230875492096,31821,1.0,0.883762512069128
transformer,4,all_positive,t-7,0,0.12731072306632996,362,0.9972451790633609,0.869858459200152
transformer,4,all_positive,t-6,1,0.11356171220541,363,1.0,0.8834425762325449
transformer,4,all_positive,t-5,2,0.11013630777597427,363,1.0,0.8863873848199867
transformer,4,all_positive,t-4,3,0.10693060606718063,363,1.0,0.8901871378360406
transformer,4,all_positive,t-3,4,0.10685935616493225,363,1.0,0.8956967797093189
transformer,4,all_positive,t-2,5,0.11468104273080826,363,1.0,0.9004464709793863
transformer,4,all_positive,t-1,6,0.137227401137352,363,1.0,0.8992115512491689
transformer,4,all_positive,t-0,7,0.18321682512760162,363,1.0,0.8966467179633324
transformer,4,all_negative,t-7,0,0.11989656090736389,31832,0.9993407214391109,0.8751722622348136
transformer,4,all_negative,t-6,1,0.11193571239709854,31852,0.9999686057828148,0.8800004763260538
transformer,4,all_negative,t-5,2,0.10889323055744171,31853,1.0,0.8832795481830867
transformer,4,all_negative,t-4,3,0.10715308040380478,31853,1.0,0.8850473673783772
transformer,4,all_negative,t-3,4,0.10866115242242813,31853,1.0,0.8862630813748935
transformer,4,all_negative,t-2,5,0.11796226352453232,31853,1.0,0.8858084065053148
transformer,4,all_negative,t-1,6,0.14223432540893555,31853,1.0,0.8851047430166812
transformer,4,all_negative,t-0,7,0.18326039612293243,31853,1.0,0.8837612870329975
cnn_lstm_attn,4,true_positive,t-7,0,0.027448134496808052,31,1.0,0.8932146829810901
cnn_lstm_attn,4,true_positive,t-6,1,0.027448134496808052,31,1.0,0.8854282536151279
cnn_lstm_attn,4,true_positive,t-5,2,0.07652430236339569,31,1.0,0.8854282536151279
cnn_lstm_attn,4,true_positive,t-4,3,0.07652430236339569,31,1.0,0.8976640711902113
cnn_lstm_attn,4,true_positive,t-3,4,0.14244310557842255,31,1.0,0.9010011123470523
cnn_lstm_attn,4,true_positive,t-2,5,0.14244310557842255,31,1.0,0.899888765294772
cnn_lstm_attn,4,true_positive,t-1,6,0.25358447432518005,31,1.0,0.8954393770856507
cnn_lstm_attn,4,true_positive,t-0,7,0.25358447432518005,31,1.0,0.896551724137931
cnn_lstm_attn,4,true_negative,t-7,0,0.02463441900908947,31637,0.9993366605597321,0.875275846819783
cnn_lstm_attn,4,true_negative,t-6,1,0.024630682542920113,31657,0.9999684124076063,0.8801098376833442
cnn_lstm_attn,4,true_negative,t-5,2,0.06725876778364182,31658,1.0,0.8834112857021487
cnn_lstm_attn,4,true_negative,t-4,3,0.06725876778364182,31658,1.0,0.8851398894652112
cnn_lstm_attn,4,true_negative,t-3,4,0.14731253683567047,31658,1.0,0.8863238795663132
cnn_lstm_attn,4,true_negative,t-2,5,0.14731253683567047,31658,1.0,0.8858424410891402
cnn_lstm_attn,4,true_negative,t-1,6,0.26079869270324707,31658,1.0,0.8851551386477461
cnn_lstm_attn,4,true_negative,t-0,7,0.26079869270324707,31658,1.0,0.8837881583562253
cnn_lstm_attn,4,all_positive,t-7,0,0.03580540046095848,362,0.9972451790633609,0.869858459200152
cnn_lstm_attn,4,all_positive,t-6,1,0.03572729229927063,363,1.0,0.8834425762325449
cnn_lstm_attn,4,all_positive,t-5,2,0.0797712504863739,363,1.0,0.8863873848199867
cnn_lstm_attn,4,all_positive,t-4,3,0.0797712504863739,363,1.0,0.8901871378360406
cnn_lstm_attn,4,all_positive,t-3,4,0.13097839057445526,363,1.0,0.8956967797093189
cnn_lstm_attn,4,all_positive,t-2,5,0.13097839057445526,363,1.0,0.9004464709793863
cnn_lstm_attn,4,all_positive,t-1,6,0.2535230815410614,363,1.0,0.8992115512491689
cnn_lstm_attn,4,all_positive,t-0,7,0.2535230815410614,363,1.0,0.8966467179633324
cnn_lstm_attn,4,all_negative,t-7,0,0.024616917595267296,31832,0.9993407214391109,0.8751722622348136
cnn_lstm_attn,4,all_negative,t-6,1,0.024613214656710625,31852,0.9999686057828148,0.8800004763260538
cnn_lstm_attn,4,all_negative,t-5,2,0.06720372289419174,31853,1.0,0.8832795481830867
cnn_lstm_attn,4,all_negative,t-4,3,0.06720372289419174,31853,1.0,0.8850473673783772
cnn_lstm_attn,4,all_negative,t-3,4,0.14714066684246063,31853,1.0,0.8862630813748935
cnn_lstm_attn,4,all_negative,t-2,5,0.14714066684246063,31853,1.0,0.8858084065053148
cnn_lstm_attn,4,all_negative,t-1,6,0.26104310154914856,31853,1.0,0.8851047430166812
cnn_lstm_attn,4,all_negative,t-0,7,0.26104310154914856,31853,1.0,0.8837612870329975
