model,label,family,horizon,val_roc_auc,val_pr_auc,n,n_pos,base_rate,roc_auc,pr_auc,brier,threshold,tn,fp,fn,tp,precision,recall,specificity,f1,balanced_accuracy,accuracy,alarm_rate,cost_1to1,cost_1to10,cost_1to20,cost_1to50,tuned_val_pr_auc,seconds,n_seeds,aggregation,roc_auc_ensemble,roc_auc_mean,roc_auc_std,pr_auc_ensemble,pr_auc_mean,pr_auc_std,f1_ensemble,f1_mean,f1_std,recall_ensemble,recall_mean,recall_std,aggregation_note
altman_zdp,"Altman Z'' (1995, four-variable)",formula,4,0.8017207504572473,0.012969716586141069,32216,363,0.011267693071765582,0.8122455435995191,0.03049355066086059,1237562385009.209,2.015572533462097,23574,8279,77,286,0.03339171044950379,0.7878787878787878,0.7400872759237749,0.06406810035842293,0.7639830319012814,0.7406257760119196,0.26586168363546064,0.25937422398808047,0.28088527439781474,0.30478644151974177,0.37648994288552273,,,,,,,,,,,,,,,,,
altman_zp,"Altman Z' (1983, five-variable)",formula,4,0.7649703860882487,0.011138270027607264,32216,363,0.011267693071765582,0.7722659161113653,0.028452064977328148,83540864661.76582,0.07759958098371844,23645,8208,98,265,0.03127581730201818,0.7300275482093664,0.7423162653439237,0.0599818922589407,0.736171906776645,0.7421777998510057,0.26300595977154206,0.25782220014899426,0.2851999006704743,0.3156195679165632,0.4068785696548299,,,,,,,,,,,,,,,,,
ohlson_o,Ohlson O-score (1980),formula,4,0.8058944723079561,0.014020846683341083,32216,363,0.011267693071765582,0.840243650260118,0.03429542755849732,242727.4887251044,-2.5766258066550782,26763,5090,153,210,0.03962264150943396,0.5785123966942148,0.84020343452736,0.07416563658838071,0.7093579156107874,0.8372547802334244,0.16451452694313384,0.1627452197665756,0.20548795629500868,0.25297988577104547,0.3954556741991557,,,,,,,,,,,,,,,,,
zmijewski,Zmijewski (1984),formula,4,0.809234967992684,0.01598272623407322,32216,363,0.011267693071765582,0.8413142536059459,0.03768683780586701,635769.4970496558,2.2859596014930856,27194,4659,136,227,0.04645927138763815,0.6253443526170799,0.8537343421341789,0.08649266526957515,0.7395393473756293,0.8511609138316365,0.15166376955550037,0.14883908616836355,0.18683262974919296,0.22904767817233673,0.35569282344176806,,,,,,,,,,,,,,,,,
logreg,logreg,ml,4,0.8617246442043897,0.03142795341928215,32216,363,0.011267693071765582,0.8329630026501736,0.05951692935956542,0.16271242874674596,0.8924475908279419,30628,1225,264,99,0.07477341389728097,0.2727272727272727,0.9615420839481368,0.11736810906935388,0.6171346783377047,0.9537807300720139,0.04109759125900174,0.04621926992798609,0.11997144276136082,0.2019183014651105,0.44775887757635957,0.03142795341928215,8.410030700004427,5.0,ensemble of 5 seeds,0.8329630026501736,0.8329630026501735,1.2412670766236366e-16,0.05951692935956542,0.059516929359565415,7.757919228897728e-18,0.11736810906935388,0.11736810906935388,0.0,0.2727272727272727,0.2727272727272727,0.0,_mean/_std = per-seed metrics averaged; _ensemble = metric of the seed-averaged prediction
svm_rbf,svm_rbf,ml,4,0.8788397169352995,0.046432911317996865,32216,363,0.011267693071765582,0.8280391267080118,0.055843915512706226,0.11556703803747992,0.9886456636693008,31541,312,327,36,0.10344827586206896,0.09917355371900827,0.9902050042382193,0.10126582278481014,0.5446892789786137,0.9801651353364788,0.010802085920039731,0.01983486466352123,0.1111869878321331,0.21268934690836852,0.5171964241370748,0.03927909596530612,56.924947799998336,5.0,ensemble of 5 seeds,0.8280391267080118,0.797838858412859,0.020199025735975467,0.055843915512706226,0.044524441603831524,0.007204598382631248,0.10126582278481014,0.10161772042373393,0.01533730260435149,0.09917355371900827,0.2705234159779614,0.11839962719302975,_mean/_std = per-seed metrics averaged; _ensemble = metric of the seed-averaged prediction
random_forest,random_forest,ml,4,0.9216604420296068,0.1837788907677254,32216,363,0.011267693071765582,0.8848951350984842,0.10222301982790079,0.01170084453854774,0.28904721251704035,31619,234,312,51,0.17894736842105263,0.14049586776859505,0.9926537531786644,0.15740740740740744,0.5665748104736298,0.983051899677179,0.00884653588279116,0.016948100322820958,0.10410975912590018,0.20095604668487707,0.4914949093618078,0.18372658920211152,54.135216700000456,5.0,ensemble of 5 seeds,0.8848951350984842,0.8787790399752169,0.0021540139266728055,0.10222301982790079,0.10145754096868413,0.0018591948983876663,0.15740740740740744,0.14208284210670485,0.0227637633107708,0.14049586776859505,0.13333333333333336,0.056945553867755974,_mean/_std = per-seed metrics averaged; _ensemble = metric of the seed-averaged prediction
xgboost,xgboost,ml,4,0.9098267103909465,0.32867788521781593,32216,363,0.011267693071765582,0.8949687004843792,0.1510115455817815,0.011359548082735519,0.4670790731906891,31764,89,330,33,0.27049180327868855,0.09090909090909091,0.9972059146705177,0.13608247422680414,0.5440575027898042,0.9869940402284579,0.003786938167370251,0.013005959771542092,0.10519617581326049,0.2076297491929476,0.5149304693320089,0.32953105277800754,53.812054399983026,5.0,ensemble of 5 seeds,0.8949687004843792,0.8892889503858072,0.004004325059329742,0.1510115455817815,0.14315789827152106,0.0031380822015760292,0.13608247422680414,0.13824330196551146,0.01241637200826919,0.09090909090909091,0.09531680440771349,0.012258179317513492,_mean/_std = per-seed metrics averaged; _ensemble = metric of the seed-averaged prediction
stacking,stacking,ml,4,0.9232534400720164,0.25035026729805354,32216,363,0.011267693071765582,0.8880995938729905,0.12275370344253442,0.09565888849295053,0.9992602656772711,31644,209,308,55,0.20833333333333334,0.15151515151515152,0.9934386086082944,0.1754385964912281,0.5724768800617229,0.9839520735038491,0.008194685870374968,0.016047926496150982,0.10209212813508815,0.19769679662279613,0.48451080208592007,,517.3711583999975,5.0,ensemble of 5 seeds,0.8880995938729905,0.8848795936636955,0.004157712204958964,0.12275370344253442,0.11667328127034518,0.0040383516938757354,0.1754385964912281,0.1603056589806997,0.008745474325465286,0.15151515151515152,0.13002754820936638,0.012832853662646962,_mean/_std = per-seed metrics averaged; _ensemble = metric of the seed-averaged prediction
