horizon,model,level,budget,n,n_positive,base_rate,k,tp,precision,recall,lift
1,altman_zdp,window,k=50,32216,60,0.001862428606903402,50,0,0.0,0.0,0.0
1,altman_zdp,window,k=100,32216,60,0.001862428606903402,100,0,0.0,0.0,0.0
1,altman_zdp,window,k=200,32216,60,0.001862428606903402,200,1,0.005,0.016666666666666666,2.6846666666666668
1,altman_zdp,window,top 1%,32216,60,0.001862428606903402,322,1,0.003105590062111801,0.016666666666666666,1.667494824016563
1,altman_zdp,window,top 5%,32216,60,0.001862428606903402,1611,9,0.00558659217877095,0.15,2.9996275605214153
1,altman_zdp,firm,k=50,3391,60,0.017693895606015926,50,1,0.02,0.016666666666666666,1.1303333333333332
1,altman_zdp,firm,k=100,3391,60,0.017693895606015926,100,2,0.02,0.03333333333333333,1.1303333333333332
1,altman_zdp,firm,k=200,3391,60,0.017693895606015926,200,3,0.015,0.05,0.8477499999999999
1,altman_zdp,firm,top 1%,3391,60,0.017693895606015926,34,0,0.0,0.0,0.0
1,altman_zdp,firm,top 5%,3391,60,0.017693895606015926,170,2,0.011764705882352941,0.03333333333333333,0.6649019607843136
1,xgboost,window,k=50,32216,60,0.001862428606903402,50,14,0.28,0.23333333333333334,150.34133333333335
1,xgboost,window,k=100,32216,60,0.001862428606903402,100,16,0.16,0.26666666666666666,85.90933333333334
1,xgboost,window,k=200,32216,60,0.001862428606903402,200,17,0.085,0.2833333333333333,45.63933333333333
1,xgboost,window,top 1%,32216,60,0.001862428606903402,322,22,0.06832298136645963,0.36666666666666664,36.68488612836439
1,xgboost,window,top 5%,32216,60,0.001862428606903402,1611,34,0.02110490378646803,0.5666666666666667,11.331926339747568
1,xgboost,firm,k=50,3391,60,0.017693895606015926,50,15,0.3,0.25,16.955
1,xgboost,firm,k=100,3391,60,0.017693895606015926,100,18,0.18,0.3,10.172999999999998
1,xgboost,firm,k=200,3391,60,0.017693895606015926,200,26,0.13,0.43333333333333335,7.347166666666666
1,xgboost,firm,top 1%,3391,60,0.017693895606015926,34,14,0.4117647058823529,0.23333333333333334,23.27156862745098
1,xgboost,firm,top 5%,3391,60,0.017693895606015926,170,24,0.1411764705882353,0.4,7.9788235294117635
1,transformer,window,k=50,32216,60,0.001862428606903402,50,8,0.16,0.13333333333333333,85.90933333333334
1,transformer,window,k=100,32216,60,0.001862428606903402,100,9,0.09,0.15,48.324
1,transformer,window,k=200,32216,60,0.001862428606903402,200,13,0.065,0.21666666666666667,34.900666666666666
1,transformer,window,top 1%,32216,60,0.001862428606903402,322,17,0.052795031055900624,0.2833333333333333,28.347412008281573
1,transformer,window,top 5%,32216,60,0.001862428606903402,1611,27,0.01675977653631285,0.45,8.998882681564245
1,transformer,firm,k=50,3391,60,0.017693895606015926,50,9,0.18,0.15,10.172999999999998
1,transformer,firm,k=100,3391,60,0.017693895606015926,100,13,0.13,0.21666666666666667,7.347166666666666
1,transformer,firm,k=200,3391,60,0.017693895606015926,200,20,0.1,0.3333333333333333,5.651666666666666
1,transformer,firm,top 1%,3391,60,0.017693895606015926,34,8,0.23529411764705882,0.13333333333333333,13.298039215686273
1,transformer,firm,top 5%,3391,60,0.017693895606015926,170,18,0.10588235294117647,0.3,5.984117647058823
1,C_lstm,window,k=50,32216,60,0.001862428606903402,50,12,0.24,0.2,128.864
1,C_lstm,window,k=100,32216,60,0.001862428606903402,100,15,0.15,0.25,80.53999999999999
1,C_lstm,window,k=200,32216,60,0.001862428606903402,200,18,0.09,0.3,48.324
1,C_lstm,window,top 1%,32216,60,0.001862428606903402,322,21,0.06521739130434782,0.35,35.017391304347825
1,C_lstm,window,top 5%,32216,60,0.001862428606903402,1611,33,0.020484171322160148,0.55,10.998634388578521
1,C_lstm,firm,k=50,3391,60,0.017693895606015926,50,14,0.28,0.23333333333333334,15.824666666666667
1,C_lstm,firm,k=100,3391,60,0.017693895606015926,100,18,0.18,0.3,10.172999999999998
1,C_lstm,firm,k=200,3391,60,0.017693895606015926,200,24,0.12,0.4,6.781999999999999
1,C_lstm,firm,top 1%,3391,60,0.017693895606015926,34,14,0.4117647058823529,0.23333333333333334,23.27156862745098
1,C_lstm,firm,top 5%,3391,60,0.017693895606015926,170,21,0.12352941176470589,0.35,6.981470588235294
2,altman_zdp,window,k=50,32216,158,0.004904395331512292,50,0,0.0,0.0,0.0
2,altman_zdp,window,k=100,32216,158,0.004904395331512292,100,0,0.0,0.0,0.0
2,altman_zdp,window,k=200,32216,158,0.004904395331512292,200,1,0.005,0.006329113924050633,1.019493670886076
2,altman_zdp,window,top 1%,32216,158,0.004904395331512292,322,1,0.003105590062111801,0.006329113924050633,0.6332258825379353
2,altman_zdp,window,top 5%,32216,158,0.004904395331512292,1611,23,0.014276846679081317,0.14556962025316456,2.9110309659068587
2,altman_zdp,firm,k=50,3391,105,0.03096431731052787,50,1,0.02,0.009523809523809525,0.6459047619047619
2,altman_zdp,firm,k=100,3391,105,0.03096431731052787,100,2,0.02,0.01904761904761905,0.6459047619047619
2,altman_zdp,firm,k=200,3391,105,0.03096431731052787,200,5,0.025,0.047619047619047616,0.8073809523809524
2,altman_zdp,firm,top 1%,3391,105,0.03096431731052787,34,0,0.0,0.0,0.0
2,altman_zdp,firm,top 5%,3391,105,0.03096431731052787,170,3,0.01764705882352941,0.02857142857142857,0.5699159663865546
2,xgboost,window,k=50,32216,158,0.004904395331512292,50,15,0.3,0.0949367088607595,61.16962025316455
2,xgboost,window,k=100,32216,158,0.004904395331512292,100,25,0.25,0.15822784810126583,50.974683544303794
2,xgboost,window,k=200,32216,158,0.004904395331512292,200,33,0.165,0.2088607594936709,33.6432911392405
2,xgboost,window,top 1%,32216,158,0.004904395331512292,322,39,0.12111801242236025,0.2468354430379747,24.69580941897948
2,xgboost,window,top 5%,32216,158,0.004904395331512292,1611,84,0.0521415270018622,0.5316455696202531,10.631591353746789
2,xgboost,firm,k=50,3391,105,0.03096431731052787,50,20,0.4,0.19047619047619047,12.918095238095239
2,xgboost,firm,k=100,3391,105,0.03096431731052787,100,28,0.28,0.26666666666666666,9.042666666666667
2,xgboost,firm,k=200,3391,105,0.03096431731052787,200,37,0.185,0.3523809523809524,5.974619047619047
2,xgboost,firm,top 1%,3391,105,0.03096431731052787,34,13,0.38235294117647056,0.12380952380952381,12.348179271708682
2,xgboost,firm,top 5%,3391,105,0.03096431731052787,170,33,0.19411764705882353,0.3142857142857143,6.269075630252101
2,transformer,window,k=50,32216,158,0.004904395331512292,50,13,0.26,0.08227848101265822,53.01367088607595
2,transformer,window,k=100,32216,158,0.004904395331512292,100,20,0.2,0.12658227848101267,40.77974683544304
2,transformer,window,k=200,32216,158,0.004904395331512292,200,26,0.13,0.16455696202531644,26.506835443037975
2,transformer,window,top 1%,32216,158,0.004904395331512292,322,31,0.09627329192546584,0.1962025316455696,19.630002358675995
2,transformer,window,top 5%,32216,158,0.004904395331512292,1611,69,0.04283054003724395,0.43670886075949367,8.733092897720576
2,transformer,firm,k=50,3391,105,0.03096431731052787,50,14,0.28,0.13333333333333333,9.042666666666667
2,transformer,firm,k=100,3391,105,0.03096431731052787,100,17,0.17,0.1619047619047619,5.4901904761904765
2,transformer,firm,k=200,3391,105,0.03096431731052787,200,28,0.14,0.26666666666666666,4.521333333333334
2,transformer,firm,top 1%,3391,105,0.03096431731052787,34,10,0.29411764705882354,0.09523809523809523,9.49859943977591
2,transformer,firm,top 5%,3391,105,0.03096431731052787,170,24,0.1411764705882353,0.22857142857142856,4.559327731092437
2,C_lstm,window,k=50,32216,158,0.004904395331512292,50,16,0.32,0.10126582278481013,65.24759493670886
2,C_lstm,window,k=100,32216,158,0.004904395331512292,100,20,0.2,0.12658227848101267,40.77974683544304
2,C_lstm,window,k=200,32216,158,0.004904395331512292,200,34,0.17,0.21518987341772153,34.66278481012658
2,C_lstm,window,top 1%,32216,158,0.004904395331512292,322,40,0.12422360248447205,0.25316455696202533,25.329035301517415
2,C_lstm,window,top 5%,32216,158,0.004904395331512292,1611,81,0.05027932960893855,0.5126582278481012,10.251891662541546
2,C_lstm,firm,k=50,3391,105,0.03096431731052787,50,17,0.34,0.1619047619047619,10.980380952380953
2,C_lstm,firm,k=100,3391,105,0.03096431731052787,100,24,0.24,0.22857142857142856,7.750857142857142
2,C_lstm,firm,k=200,3391,105,0.03096431731052787,200,39,0.195,0.37142857142857144,6.297571428571429
2,C_lstm,firm,top 1%,3391,105,0.03096431731052787,34,15,0.4411764705882353,0.14285714285714285,14.247899159663865
2,C_lstm,firm,top 5%,3391,105,0.03096431731052787,170,37,0.21764705882352942,0.3523809523809524,7.028963585434173
3,altman_zdp,window,k=50,32216,260,0.008070523963248075,50,0,0.0,0.0,0.0
3,altman_zdp,window,k=100,32216,260,0.008070523963248075,100,0,0.0,0.0,0.0
3,altman_zdp,window,k=200,32216,260,0.008070523963248075,200,1,0.005,0.0038461538461538464,0.6195384615384616
3,altman_zdp,window,top 1%,32216,260,0.008070523963248075,322,1,0.003105590062111801,0.0038461538461538464,0.3848064978499761
3,altman_zdp,window,top 5%,32216,260,0.008070523963248075,1611,34,0.02110490378646803,0.13076923076923078,2.6150599245571313
3,altman_zdp,firm,k=50,3391,116,0.03420819817163079,50,1,0.02,0.008620689655172414,0.5846551724137931
3,altman_zdp,firm,k=100,3391,116,0.03420819817163079,100,2,0.02,0.017241379310344827,0.5846551724137931
3,altman_zdp,firm,k=200,3391,116,0.03420819817163079,200,6,0.03,0.05172413793103448,0.8769827586206896
3,altman_zdp,firm,top 1%,3391,116,0.03420819817163079,34,0,0.0,0.0,0.0
3,altman_zdp,firm,top 5%,3391,116,0.03420819817163079,170,3,0.01764705882352941,0.02586206896551724,0.5158722109533468
3,xgboost,window,k=50,32216,260,0.008070523963248075,50,15,0.3,0.057692307692307696,37.1723076923077
3,xgboost,window,k=100,32216,260,0.008070523963248075,100,26,0.26,0.1,32.216
3,xgboost,window,k=200,32216,260,0.008070523963248075,200,41,0.205,0.1576923076923077,25.401076923076925
3,xgboost,window,top 1%,32216,260,0.008070523963248075,322,57,0.17701863354037267,0.21923076923076923,21.93397037744864
3,xgboost,window,top 5%,32216,260,0.008070523963248075,1611,123,0.07635009310986965,0.47307692307692306,9.460363844721387
3,xgboost,firm,k=50,3391,116,0.03420819817163079,50,18,0.36,0.15517241379310345,10.523793103448275
3,xgboost,firm,k=100,3391,116,0.03420819817163079,100,29,0.29,0.25,8.4775
3,xgboost,firm,k=200,3391,116,0.03420819817163079,200,44,0.22,0.3793103448275862,6.431206896551724
3,xgboost,firm,top 1%,3391,116,0.03420819817163079,34,13,0.38235294117647056,0.11206896551724138,11.177231237322514
3,xgboost,firm,top 5%,3391,116,0.03420819817163079,170,42,0.24705882352941178,0.3620689655172414,7.222210953346856
3,transformer,window,k=50,32216,260,0.008070523963248075,50,14,0.28,0.05384615384615385,34.69415384615385
3,transformer,window,k=100,32216,260,0.008070523963248075,100,22,0.22,0.08461538461538462,27.259692307692312
3,transformer,window,k=200,32216,260,0.008070523963248075,200,36,0.18,0.13846153846153847,22.303384615384616
3,transformer,window,top 1%,32216,260,0.008070523963248075,322,47,0.14596273291925466,0.18076923076923077,18.085905398948878
3,transformer,window,top 5%,32216,260,0.008070523963248075,1611,102,0.0633147113594041,0.3923076923076923,7.845179773671395
3,transformer,firm,k=50,3391,116,0.03420819817163079,50,15,0.3,0.12931034482758622,8.769827586206896
3,transformer,firm,k=100,3391,116,0.03420819817163079,100,21,0.21,0.1810344827586207,6.138879310344827
3,transformer,firm,k=200,3391,116,0.03420819817163079,200,31,0.155,0.2672413793103448,4.531077586206896
3,transformer,firm,top 1%,3391,116,0.03420819817163079,34,11,0.3235294117647059,0.09482758620689655,9.45765720081136
3,transformer,firm,top 5%,3391,116,0.03420819817163079,170,28,0.16470588235294117,0.2413793103448276,4.814807302231237
3,C_lstm,window,k=50,32216,260,0.008070523963248075,50,18,0.36,0.06923076923076923,44.60676923076923
3,C_lstm,window,k=100,32216,260,0.008070523963248075,100,26,0.26,0.1,32.216
3,C_lstm,window,k=200,32216,260,0.008070523963248075,200,36,0.18,0.13846153846153847,22.303384615384616
3,C_lstm,window,top 1%,32216,260,0.008070523963248075,322,54,0.16770186335403728,0.2076923076923077,20.779550883898715
3,C_lstm,window,top 5%,32216,260,0.008070523963248075,1611,118,0.07324643078833024,0.45384615384615384,9.075796208757104
3,C_lstm,firm,k=50,3391,116,0.03420819817163079,50,18,0.36,0.15517241379310345,10.523793103448275
3,C_lstm,firm,k=100,3391,116,0.03420819817163079,100,31,0.31,0.2672413793103448,9.062155172413792
3,C_lstm,firm,k=200,3391,116,0.03420819817163079,200,45,0.225,0.3879310344827586,6.577370689655172
3,C_lstm,firm,top 1%,3391,116,0.03420819817163079,34,14,0.4117647058823529,0.1206896551724138,12.037018255578092
3,C_lstm,firm,top 5%,3391,116,0.03420819817163079,170,40,0.23529411764705882,0.3448275862068966,6.878296146044624
4,altman_zdp,window,k=50,32216,363,0.011267693071765582,50,0,0.0,0.0,0.0
4,altman_zdp,window,k=100,32216,363,0.011267693071765582,100,0,0.0,0.0,0.0
4,altman_zdp,window,k=200,32216,363,0.011267693071765582,200,1,0.005,0.0027548209366391185,0.4437465564738292
4,altman_zdp,window,top 1%,32216,363,0.011267693071765582,322,1,0.003105590062111801,0.0027548209366391185,0.2756189791762914
4,altman_zdp,window,top 5%,32216,363,0.011267693071765582,1611,41,0.025450031036623216,0.11294765840220386,2.258672726930726
4,altman_zdp,firm,k=50,3391,123,0.03627248599233265,50,1,0.02,0.008130081300813009,0.5513821138211382
4,altman_zdp,firm,k=100,3391,123,0.03627248599233265,100,2,0.02,0.016260162601626018,0.5513821138211382
4,altman_zdp,firm,k=200,3391,123,0.03627248599233265,200,6,0.03,0.04878048780487805,0.8270731707317073
4,altman_zdp,firm,top 1%,3391,123,0.03627248599233265,34,0,0.0,0.0,0.0
4,altman_zdp,firm,top 5%,3391,123,0.03627248599233265,170,3,0.01764705882352941,0.024390243902439025,0.4865136298421808
4,xgboost,window,k=50,32216,363,0.011267693071765582,50,20,0.4,0.05509641873278237,35.49972451790634
4,xgboost,window,k=100,32216,363,0.011267693071765582,100,25,0.25,0.06887052341597796,22.18732782369146
4,xgboost,window,k=200,32216,363,0.011267693071765582,200,48,0.24,0.1322314049586777,21.299834710743802
4,xgboost,window,top 1%,32216,363,0.011267693071765582,322,65,0.20186335403726707,0.1790633608815427,17.915233646458944
4,xgboost,window,top 5%,32216,363,0.011267693071765582,1611,163,0.10117939168218498,0.4490358126721763,8.979601329017276
4,xgboost,firm,k=50,3391,123,0.03627248599233265,50,17,0.34,0.13821138211382114,9.37349593495935
4,xgboost,firm,k=100,3391,123,0.03627248599233265,100,32,0.32,0.2601626016260163,8.822113821138212
4,xgboost,firm,k=200,3391,123,0.03627248599233265,200,38,0.19,0.3089430894308943,5.238130081300813
4,xgboost,firm,top 1%,3391,123,0.03627248599233265,34,14,0.4117647058823529,0.11382113821138211,11.351984696317551
4,xgboost,firm,top 5%,3391,123,0.03627248599233265,170,37,0.21764705882352942,0.3008130081300813,6.000334768053563
4,transformer,window,k=50,32216,363,0.011267693071765582,50,13,0.26,0.03581267217630854,23.07482093663912
4,transformer,window,k=100,32216,363,0.011267693071765582,100,22,0.22,0.06060606060606061,19.524848484848487
4,transformer,window,k=200,32216,363,0.011267693071765582,200,30,0.15,0.08264462809917356,13.312396694214875
4,transformer,window,top 1%,32216,363,0.011267693071765582,322,41,0.12732919254658384,0.11294765840220386,11.30037814622795
4,transformer,window,top 5%,32216,363,0.011267693071765582,1611,104,0.06455617628801986,0.2865013774104683,5.729316185385256
4,transformer,firm,k=50,3391,123,0.03627248599233265,50,12,0.24,0.0975609756097561,6.616585365853658
4,transformer,firm,k=100,3391,123,0.03627248599233265,100,16,0.16,0.13008130081300814,4.411056910569106
4,transformer,firm,k=200,3391,123,0.03627248599233265,200,26,0.13,0.21138211382113822,3.5839837398373984
4,transformer,firm,top 1%,3391,123,0.03627248599233265,34,10,0.29411764705882354,0.08130081300813008,8.10856049736968
4,transformer,firm,top 5%,3391,123,0.03627248599233265,170,22,0.12941176470588237,0.17886178861788618,3.567766618842659
4,C_lstm,window,k=50,32216,363,0.011267693071765582,50,15,0.3,0.04132231404958678,26.62479338842975
4,C_lstm,window,k=100,32216,363,0.011267693071765582,100,30,0.3,0.08264462809917356,26.62479338842975
4,C_lstm,window,k=200,32216,363,0.011267693071765582,200,40,0.2,0.11019283746556474,17.74986225895317
4,C_lstm,window,top 1%,32216,363,0.011267693071765582,322,54,0.16770186335403728,0.1487603305785124,14.883424875519738
4,C_lstm,window,top 5%,32216,363,0.011267693071765582,1611,156,0.09683426443202979,0.4297520661157025,8.593974278077884
4,C_lstm,firm,k=50,3391,123,0.03627248599233265,50,18,0.36,0.14634146341463414,9.924878048780487
4,C_lstm,firm,k=100,3391,123,0.03627248599233265,100,27,0.27,0.21951219512195122,7.4436585365853665
4,C_lstm,firm,k=200,3391,123,0.03627248599233265,200,39,0.195,0.3170731707317073,5.375975609756098
4,C_lstm,firm,top 1%,3391,123,0.03627248599233265,34,14,0.4117647058823529,0.11382113821138211,11.351984696317551
4,C_lstm,firm,top 5%,3391,123,0.03627248599233265,170,38,0.2235294117647059,0.3089430894308943,6.162505978000956
