bin,n,mean_predicted,observed_rate,gap,horizon,model
0,3222,0.0018286902012229315,0.0074487895716946,0.005620099370471668,1,altman_zdp
1,3222,0.001829625585943133,0.007138423339540658,0.005308797753597525,1,altman_zdp
2,3221,0.001829635122558508,0.0024837007140639552,0.0006540655915054472,1,altman_zdp
3,3222,0.0018296381454256014,0.00031036623215394165,-0.0015192719132716597,1,altman_zdp
4,3221,0.0018296393470064781,0.0006209251785159888,-0.0012087141684904894,1,altman_zdp
5,3222,0.0018296403030746346,0.00031036623215394165,-0.001519274070920693,1,altman_zdp
6,3221,0.0018296412852510857,0.0003104625892579944,-0.0015191786959930912,1,altman_zdp
7,3222,0.0018296424191399548,0.0,-0.0018296424191399548,1,altman_zdp
8,3221,0.0018296440617536097,0.0,-0.0018296440617536097,1,altman_zdp
9,3222,0.001829655073886477,0.0,-0.001829655073886477,1,altman_zdp
0,3222,4.6347886795401335e-07,0.00031036623215394165,0.00030990275328598765,1,xgboost
1,3222,1.2010327916740128e-06,0.0,-1.2010327916740128e-06,1,xgboost
2,3221,2.1140074033299124e-06,0.0,-2.1140074033299124e-06,1,xgboost
3,3222,3.5101844425116837e-06,0.0,-3.5101844425116837e-06,1,xgboost
4,3221,5.741882653439229e-06,0.0012418503570319776,0.0012361084743785385,1,xgboost
5,3222,9.714597495242848e-06,0.000931098696461825,0.0009213840989665821,1,xgboost
6,3221,1.743509627747866e-05,0.0009313877677739833,0.0009139526714965047,1,xgboost
7,3222,3.6435746042206405e-05,0.000931098696461825,0.0008946629504196185,1,xgboost
8,3221,0.00010672267649092303,0.0024837007140639552,0.0023769780375730324,1,xgboost
9,3222,0.01029650835918653,0.011793916821849782,0.0014974084626632519,1,xgboost
0,3222,0.00042109018983369986,0.0,-0.00042109018983369986,1,transformer
1,3222,0.0004449331759644122,0.00031036623215394165,-0.00013456694381047056,1,transformer
2,3221,0.00046659591939719264,0.0,-0.00046659591939719264,1,transformer
3,3222,0.0004903107895113355,0.0012414649286157666,0.0007511541391044311,1,transformer
4,3221,0.0005218804599523535,0.0006209251785159888,9.90447185636353e-05,1,transformer
5,3222,0.0005705627861678714,0.00031036623215394165,-0.00026019655401392976,1,transformer
6,3221,0.0006615986800120807,0.0009313877677739833,0.00026978908776190255,1,transformer
7,3222,0.0009027516861493317,0.0021725636250775914,0.0012698119389282598,1,transformer
8,3221,0.0018278078195742757,0.0024837007140639552,0.0006558928944896795,1,transformer
9,3222,0.025369500563451632,0.010552451893234015,-0.014817048670217617,1,transformer
0,3222,2.7731914728901124e-05,0.00031036623215394165,0.00028263431742504055,1,C_lstm
1,3222,9.316397228136295e-05,0.00031036623215394165,0.0002172022598725787,1,C_lstm
2,3221,0.0001804207358203897,0.0,-0.0001804207358203897,1,C_lstm
3,3222,0.0002985918846680574,0.0006207324643078833,0.0003221405796398259,1,C_lstm
4,3221,0.0004867087309431627,0.0,-0.0004867087309431627,1,C_lstm
5,3222,0.0008387535839628608,0.0,-0.0008387535839628608,1,C_lstm
6,3221,0.0015641781588575667,0.0006209251785159888,-0.0009432529803415779,1,C_lstm
7,3222,0.002998894941530576,0.0021725636250775914,-0.0008263313164529845,1,C_lstm
8,3221,0.006847041776737453,0.0027941633033219497,-0.004052878473415503,1,C_lstm
9,3222,0.07850679063020259,0.011793916821849782,-0.06671287380835281,1,C_lstm
0,3222,0.0034135921274650264,0.0186219739292365,0.015208381801771474,2,altman_zdp
1,3222,0.0034154210499558325,0.014587212911235258,0.011171791861279425,2,altman_zdp
2,3221,0.0034154410195028004,0.009313877677739833,0.0058984366582370325,2,altman_zdp
3,3222,0.003415447349349607,0.003414028553693358,-1.418795656248778e-06,2,altman_zdp
4,3221,0.00341544986544568,0.0009313877677739833,-0.0024840620976716967,2,altman_zdp
5,3222,0.003415451867441189,0.0006207324643078833,-0.0027947194031333056,2,altman_zdp
6,3221,0.00341545392410729,0.001552312946289972,-0.001863140977817318,2,altman_zdp
7,3222,0.0034154562984576027,0.0,-0.0034154562984576027,2,altman_zdp
8,3221,0.003415459738072122,0.0,-0.003415459738072122,2,altman_zdp
9,3222,0.0034154827980901123,0.0,-0.0034154827980901123,2,altman_zdp
0,3222,1.1532297110050239e-06,0.0,-1.1532297110050239e-06,2,xgboost
1,3222,2.7837779361677857e-06,0.0,-2.7837779361677857e-06,2,xgboost
2,3221,5.065009496883306e-06,0.0,-5.065009496883306e-06,2,xgboost
3,3222,8.781959753745839e-06,0.0006207324643078833,0.0006119505045541375,2,xgboost
4,3221,1.5316091325532132e-05,0.0003104625892579944,0.0002951464979324623,2,xgboost
5,3222,2.735164790690462e-05,0.0015518311607697084,0.0015244795128628037,2,xgboost
6,3221,5.2898500226233476e-05,0.001552312946289972,0.0014994144460637386,2,xgboost
7,3222,0.0001193048310331738,0.004345127250155183,0.004225822419122009,2,xgboost
8,3221,0.00040684963218376674,0.007451102142191866,0.007044252510008099,2,xgboost
9,3222,0.026362271311038625,0.033209186840471756,0.006846915529433131,2,xgboost
0,3222,0.0010102919470458126,0.0,-0.0010102919470458126,2,transformer
1,3222,0.0011456707055064197,0.0012414649286157666,9.579422310934693e-05,2,transformer
2,3221,0.0013497923862261917,0.0,-0.0013497923862261917,2,transformer
3,3222,0.0016772831333593033,0.0,-0.0016772831333593033,2,transformer
4,3221,0.002206788063211235,0.0012418503570319776,-0.0009649377061792576,2,transformer
5,3222,0.003124464364895224,0.0015518311607697084,-0.0015726332041255155,2,transformer
6,3221,0.004987878042849481,0.0024837007140639552,-0.002504177328785526,2,transformer
7,3222,0.008861589231479203,0.006517690875232775,-0.0023438983562464287,2,transformer
8,3221,0.018407887568392577,0.008382489909965849,-0.010025397658426728,2,transformer
9,3222,0.09667605234334312,0.027622594661700806,-0.06905345768164231,2,transformer
0,3222,0.0005050457506663511,0.0,-0.0005050457506663511,2,C_lstm
1,3222,0.001101411451248991,0.0,-0.001101411451248991,2,C_lstm
2,3221,0.002134210732671525,0.001552312946289972,-0.000581897786381553,2,C_lstm
3,3222,0.0037085344237526895,0.00031036623215394165,-0.0033981681915987477,2,C_lstm
4,3221,0.006216486534280127,0.0006209251785159888,-0.005595561355764138,2,C_lstm
5,3222,0.010475083012052902,0.0006207324643078833,-0.009854350547745019,2,C_lstm
6,3221,0.01779067797950061,0.0034150884818379386,-0.014375589497662673,2,C_lstm
7,3222,0.03141684921182031,0.002793296089385475,-0.028623553122434833,2,C_lstm
8,3221,0.062187709380374934,0.007451102142191866,-0.05473660723818307,2,C_lstm
9,3222,0.2490979448830319,0.03227808814400993,-0.216819856739022,2,C_lstm
0,3222,0.004477659547836868,0.027622594661700806,0.023144935113863938,3,altman_zdp
1,3222,0.004479996163250712,0.023587833643699565,0.019107837480448853,3,altman_zdp
2,3221,0.00448002072376555,0.018006830176963674,0.013526809453198126,3,altman_zdp
3,3222,0.004480028508832183,0.00558659217877095,0.0011065636699387673,3,altman_zdp
4,3221,0.004480031603373713,0.0024837007140639552,-0.0019963308893097575,3,altman_zdp
5,3222,0.004480034065623878,0.000931098696461825,-0.003548935369162053,3,altman_zdp
6,3221,0.0044800365951131954,0.002173238124805961,-0.0023067984703072347,3,altman_zdp
7,3222,0.004480039515321537,0.0,-0.004480039515321537,3,altman_zdp
8,3221,0.004480043745695796,0.0003104625892579944,-0.004169581156437802,3,altman_zdp
9,3222,0.004480072106625359,0.0,-0.004480072106625359,3,altman_zdp
0,3222,1.1197732095692813e-06,0.0,-1.1197732095692813e-06,3,xgboost
1,3222,3.6258478063558763e-06,0.0,-3.6258478063558763e-06,3,xgboost
2,3221,8.282765487666537e-06,0.0,-8.282765487666537e-06,3,xgboost
3,3222,1.7822310559758316e-05,0.0006207324643078833,0.000602910153748125,3,xgboost
4,3221,3.7932697473240894e-05,0.0006209251785159888,0.0005829924810427479,3,xgboost
5,3222,8.486456110465077e-05,0.0021725636250775914,0.002087699063972941,3,xgboost
6,3221,0.00020554223282296514,0.003104625892579944,0.002899083659756979,3,xgboost
7,3222,0.0005983284253184525,0.005896958410924891,0.0052986299856064385,3,xgboost
8,3221,0.0025194308024639417,0.01334989133809376,0.010830460535629818,3,xgboost
9,3222,0.07560227720458858,0.05493482309124767,-0.020667454113340908,3,xgboost
0,3222,0.0007602994570392689,0.0006207324643078833,-0.00013956699273138563,3,transformer
1,3222,0.0008941110922348836,0.000931098696461825,3.698760422694131e-05,3,transformer
2,3221,0.0010994887425099002,0.0,-0.0010994887425099002,3,transformer
3,3222,0.0014608018907436824,0.0,-0.0014608018907436824,3,transformer
4,3221,0.0021387847534096627,0.0003104625892579944,-0.0018283221641516682,3,transformer
5,3222,0.0035734374842402413,0.0015518311607697084,-0.002021606323470533,3,transformer
6,3221,0.006917574866225226,0.006830176963675877,-8.739790254934897e-05,3,transformer
7,3222,0.015068493240636043,0.008379888268156424,-0.0066886049724796184,3,transformer
8,3221,0.035578837208808375,0.019559143123253648,-0.016019694085554727,3,transformer
9,3222,0.18426898166694528,0.04252017380509,-0.14174880786185529,3,transformer
0,3222,0.0003626275193105535,0.0,-0.0003626275193105535,3,C_lstm
1,3222,0.0008571189219222538,0.0,-0.0008571189219222538,3,C_lstm
2,3221,0.0017584455859503579,0.0009313877677739833,-0.0008270578181763746,3,C_lstm
3,3222,0.0031059460187230254,0.0012414649286157666,-0.0018644810901072588,3,C_lstm
4,3221,0.005210823197298282,0.0009313877677739833,-0.004279435429524299,3,C_lstm
5,3222,0.00931584646981406,0.0015518311607697084,-0.007764015309044352,3,C_lstm
6,3221,0.017834163086418872,0.003104625892579944,-0.014729537193838928,3,C_lstm
7,3222,0.03476650258878848,0.006517690875232775,-0.028248811713555706,3,C_lstm
8,3221,0.08091224869727644,0.013660353927351754,-0.06725189476992469,3,C_lstm
9,3222,0.32060384652320084,0.05276225946617008,-0.26784158705703076,3,C_lstm
0,3222,0.0052217704996571955,0.03569211669770329,0.030470346198046092,4,altman_zdp
1,3222,0.005224528170509495,0.03196772191185599,0.026743193741346497,4,altman_zdp
2,3221,0.005224557669377629,0.026389320086929523,0.021164762417551893,4,altman_zdp
3,3222,0.005224567019779388,0.008690254500310366,0.003465687480530978,4,altman_zdp
4,3221,0.0052245707365372596,0.0046569388388699165,-0.0005676318976673431,4,altman_zdp
5,3222,0.005224573693869635,0.0012414649286157666,-0.003983108765253868,4,altman_zdp
6,3221,0.005224576731960923,0.0034150884818379386,-0.0018094882501229845,4,altman_zdp
7,3222,0.005224580239332795,0.0,-0.005224580239332795,4,altman_zdp
8,3221,0.00522458532030453,0.0006209251785159888,-0.004603660141788541,4,altman_zdp
9,3222,0.00522461938401703,0.0,-0.00522461938401703,4,altman_zdp
0,3222,2.5975738200853193e-06,0.0,-2.5975738200853193e-06,4,xgboost
1,3222,6.607529875583456e-06,0.0,-6.607529875583456e-06,4,xgboost
2,3221,1.317371893911547e-05,0.0003104625892579944,0.0002972888703188789,4,xgboost
3,3222,2.6402250187015387e-05,0.00031036623215394165,0.00028396398196692626,4,xgboost
4,3221,5.4587878458642394e-05,0.001552312946289972,0.0014977250678313296,4,xgboost
5,3222,0.00011731008625089831,0.0021725636250775914,0.0020552535388266933,4,xgboost
6,3221,0.00027616478350084045,0.00776156473144986,0.00748539994794902,4,xgboost
7,3222,0.0007865718277336013,0.008379888268156424,0.007593316440422823,4,xgboost
8,3221,0.003262538937357356,0.022042843837317604,0.018780304899960246,4,xgboost
9,3222,0.08623356789840163,0.07014276846679081,-0.01609079943161082,4,xgboost
0,3222,0.0007894977238254702,0.0,-0.0007894977238254702,4,transformer
1,3222,0.0010828310466232153,0.000931098696461825,-0.00015173235016139035,4,transformer
2,3221,0.0015678827009530717,0.0009313877677739833,-0.0006364949331790884,4,transformer
3,3222,0.0024804371717463414,0.0006207324643078833,-0.001859704707438458,4,transformer
4,3221,0.004460245190802424,0.0012418503570319776,-0.003218394833770446,4,transformer
5,3222,0.00907591102768515,0.0015518311607697084,-0.007524079866915442,4,transformer
6,3221,0.019736633415442933,0.011487115802545793,-0.00824951761289714,4,transformer
7,3222,0.04132883299736411,0.01707014276846679,-0.02425869022889732,4,transformer
8,3221,0.08188269213674713,0.029183483390251473,-0.05269920874649566,4,transformer
9,3222,0.2820824130301258,0.04965859714463067,-0.23242381588549516,4,transformer
0,3222,0.0009556417351147876,0.00031036623215394165,-0.000645275502960846,4,C_lstm
1,3222,0.0019382823721914998,0.000931098696461825,-0.001007183675729675,4,C_lstm
2,3221,0.0033586767698889405,0.0009313877677739833,-0.002427289002114957,4,C_lstm
3,3222,0.005369470750162648,0.0006207324643078833,-0.004748738285854764,4,C_lstm
4,3221,0.009025430607209568,0.0012418503570319776,-0.0077835802501775905,4,C_lstm
5,3222,0.016367103385928068,0.0040347610180012415,-0.012332342367926828,4,C_lstm
6,3221,0.03293326540217752,0.005277864017385905,-0.02765540138479161,4,C_lstm
7,3222,0.06851390892007313,0.009931719428926133,-0.05858218949114699,4,C_lstm
8,3221,0.15754524536965167,0.023595156783607574,-0.1339500885860441,4,C_lstm
9,3222,0.477149741489424,0.06579764121663563,-0.4113521002727884,4,C_lstm
