horizon,model,group_kind,group,n,n_positive,base_rate,n_firms,pr_auc,roc_auc,pr_auc_cluster_ci_low,pr_auc_cluster_ci_high,status
1,altman_zdp,SIC-2,1,190,1,0.005263157894736842,22,,,,,"too few (1 test positives, need 20)"
1,altman_zdp,SIC-2,2,25,0,0.0,3,,,,,"too few (0 test positives, need 20)"
1,altman_zdp,SIC-2,7,80,0,0.0,7,,,,,"too few (0 test positives, need 20)"
1,altman_zdp,SIC-2,9,14,0,0.0,2,,,,,"too few (0 test positives, need 20)"
1,altman_zdp,SIC-2,10,221,0,0.0,22,,,,,"too few (0 test positives, need 20)"
1,altman_zdp,SIC-2,12,84,0,0.0,7,,,,,"too few (0 test positives, need 20)"
1,altman_zdp,SIC-2,13,784,1,0.0012755102040816326,87,,,,,"too few (1 test positives, need 20)"
1,altman_zdp,SIC-2,14,133,0,0.0,14,,,,,"too few (0 test positives, need 20)"
1,altman_zdp,SIC-2,15,37,0,0.0,4,,,,,"too few (0 test positives, need 20)"
1,altman_zdp,SIC-2,16,176,2,0.011363636363636364,18,,,,,"too few (2 test positives, need 20)"
1,altman_zdp,SIC-2,17,142,0,0.0,15,,,,,"too few (0 test positives, need 20)"
1,altman_zdp,SIC-2,20,997,1,0.0010030090270812437,99,,,,,"too few (1 test positives, need 20)"
1,altman_zdp,SIC-2,21,82,0,0.0,9,,,,,"too few (0 test positives, need 20)"
1,altman_zdp,SIC-2,22,85,0,0.0,8,,,,,"too few (0 test positives, need 20)"
1,altman_zdp,SIC-2,23,219,0,0.0,21,,,,,"too few (0 test positives, need 20)"
1,altman_zdp,SIC-2,24,149,1,0.006711409395973154,13,,,,,"too few (1 test positives, need 20)"
1,altman_zdp,SIC-2,25,199,0,0.0,18,,,,,"too few (0 test positives, need 20)"
1,altman_zdp,SIC-2,26,216,0,0.0,20,,,,,"too few (0 test positives, need 20)"
1,altman_zdp,SIC-2,27,128,0,0.0,11,,,,,"too few (0 test positives, need 20)"
1,altman_zdp,SIC-2,28,4357,10,0.0022951572182694515,516,,,,,"too few (10 test positives, need 20)"
1,altman_zdp,SIC-2,29,175,1,0.005714285714285714,16,,,,,"too few (1 test positives, need 20)"
1,altman_zdp,SIC-2,30,229,0,0.0,23,,,,,"too few (0 test positives, need 20)"
1,altman_zdp,SIC-2,31,108,0,0.0,9,,,,,"too few (0 test positives, need 20)"
1,altman_zdp,SIC-2,32,104,0,0.0,11,,,,,"too few (0 test positives, need 20)"
1,altman_zdp,SIC-2,33,384,0,0.0,33,,,,,"too few (0 test positives, need 20)"
1,altman_zdp,SIC-2,34,609,1,0.0016420361247947454,55,,,,,"too few (1 test positives, need 20)"
1,altman_zdp,SIC-2,35,1738,3,0.0017261219792865361,163,,,,,"too few (3 test positives, need 20)"
1,altman_zdp,SIC-2,36,2600,2,0.0007692307692307692,256,,,,,"too few (2 test positives, need 20)"
1,altman_zdp,SIC-2,37,1050,5,0.004761904761904762,112,,,,,"too few (5 test positives, need 20)"
1,altman_zdp,SIC-2,38,2963,5,0.0016874789065136687,302,,,,,"too few (5 test positives, need 20)"
1,altman_zdp,SIC-2,39,340,1,0.0029411764705882353,33,,,,,"too few (1 test positives, need 20)"
1,altman_zdp,SIC-2,40,30,0,0.0,3,,,,,"too few (0 test positives, need 20)"
1,altman_zdp,SIC-2,42,161,1,0.006211180124223602,16,,,,,"too few (1 test positives, need 20)"
1,altman_zdp,SIC-2,44,120,0,0.0,10,,,,,"too few (0 test positives, need 20)"
1,altman_zdp,SIC-2,45,221,1,0.004524886877828055,23,,,,,"too few (1 test positives, need 20)"
1,altman_zdp,SIC-2,46,20,0,0.0,3,,,,,"too few (0 test positives, need 20)"
1,altman_zdp,SIC-2,47,234,0,0.0,24,,,,,"too few (0 test positives, need 20)"
1,altman_zdp,SIC-2,48,815,1,0.001226993865030675,80,,,,,"too few (1 test positives, need 20)"
1,altman_zdp,SIC-2,49,1343,0,0.0,128,,,,,"too few (0 test positives, need 20)"
1,altman_zdp,SIC-2,50,659,0,0.0,64,,,,,"too few (0 test positives, need 20)"
1,altman_zdp,SIC-2,51,444,0,0.0,44,,,,,"too few (0 test positives, need 20)"
1,altman_zdp,SIC-2,52,128,0,0.0,11,,,,,"too few (0 test positives, need 20)"
1,altman_zdp,SIC-2,53,159,1,0.006289308176100629,14,,,,,"too few (1 test positives, need 20)"
1,altman_zdp,SIC-2,54,127,0,0.0,12,,,,,"too few (0 test positives, need 20)"
1,altman_zdp,SIC-2,55,300,1,0.0033333333333333335,29,,,,,"too few (1 test positives, need 20)"
1,altman_zdp,SIC-2,56,309,1,0.003236245954692557,27,,,,,"too few (1 test positives, need 20)"
1,altman_zdp,SIC-2,57,115,1,0.008695652173913044,14,,,,,"too few (1 test positives, need 20)"
1,altman_zdp,SIC-2,58,575,0,0.0,60,,,,,"too few (0 test positives, need 20)"
1,altman_zdp,SIC-2,59,703,4,0.005689900426742532,80,,,,,"too few (4 test positives, need 20)"
1,altman_zdp,SIC-2,70,247,0,0.0,23,,,,,"too few (0 test positives, need 20)"
1,altman_zdp,SIC-2,72,144,0,0.0,17,,,,,"too few (0 test positives, need 20)"
1,altman_zdp,SIC-2,73,4669,11,0.0023559648747055045,544,,,,,"too few (11 test positives, need 20)"
1,altman_zdp,SIC-2,75,84,0,0.0,10,,,,,"too few (0 test positives, need 20)"
1,altman_zdp,SIC-2,76,12,0,0.0,1,,,,,"too few (0 test positives, need 20)"
1,altman_zdp,SIC-2,78,100,0,0.0,14,,,,,"too few (0 test positives, need 20)"
1,altman_zdp,SIC-2,79,340,0,0.0,39,,,,,"too few (0 test positives, need 20)"
1,altman_zdp,SIC-2,80,791,4,0.0050568900126422255,86,,,,,"too few (4 test positives, need 20)"
1,altman_zdp,SIC-2,82,133,0,0.0,17,,,,,"too few (0 test positives, need 20)"
1,altman_zdp,SIC-2,83,12,0,0.0,1,,,,,"too few (0 test positives, need 20)"
1,altman_zdp,SIC-2,87,582,0,0.0,66,,,,,"too few (0 test positives, need 20)"
1,altman_zdp,SIC-2,89,21,0,0.0,2,,,,,"too few (0 test positives, need 20)"
1,xgboost,SIC-2,1,190,1,0.005263157894736842,22,,,,,"too few (1 test positives, need 20)"
1,xgboost,SIC-2,2,25,0,0.0,3,,,,,"too few (0 test positives, need 20)"
1,xgboost,SIC-2,7,80,0,0.0,7,,,,,"too few (0 test positives, need 20)"
1,xgboost,SIC-2,9,14,0,0.0,2,,,,,"too few (0 test positives, need 20)"
1,xgboost,SIC-2,10,221,0,0.0,22,,,,,"too few (0 test positives, need 20)"
1,xgboost,SIC-2,12,84,0,0.0,7,,,,,"too few (0 test positives, need 20)"
1,xgboost,SIC-2,13,784,1,0.0012755102040816326,87,,,,,"too few (1 test positives, need 20)"
1,xgboost,SIC-2,14,133,0,0.0,14,,,,,"too few (0 test positives, need 20)"
1,xgboost,SIC-2,15,37,0,0.0,4,,,,,"too few (0 test positives, need 20)"
1,xgboost,SIC-2,16,176,2,0.011363636363636364,18,,,,,"too few (2 test positives, need 20)"
1,xgboost,SIC-2,17,142,0,0.0,15,,,,,"too few (0 test positives, need 20)"
1,xgboost,SIC-2,20,997,1,0.0010030090270812437,99,,,,,"too few (1 test positives, need 20)"
1,xgboost,SIC-2,21,82,0,0.0,9,,,,,"too few (0 test positives, need 20)"
1,xgboost,SIC-2,22,85,0,0.0,8,,,,,"too few (0 test positives, need 20)"
1,xgboost,SIC-2,23,219,0,0.0,21,,,,,"too few (0 test positives, need 20)"
1,xgboost,SIC-2,24,149,1,0.006711409395973154,13,,,,,"too few (1 test positives, need 20)"
1,xgboost,SIC-2,25,199,0,0.0,18,,,,,"too few (0 test positives, need 20)"
1,xgboost,SIC-2,26,216,0,0.0,20,,,,,"too few (0 test positives, need 20)"
1,xgboost,SIC-2,27,128,0,0.0,11,,,,,"too few (0 test positives, need 20)"
1,xgboost,SIC-2,28,4357,10,0.0022951572182694515,516,,,,,"too few (10 test positives, need 20)"
1,xgboost,SIC-2,29,175,1,0.005714285714285714,16,,,,,"too few (1 test positives, need 20)"
1,xgboost,SIC-2,30,229,0,0.0,23,,,,,"too few (0 test positives, need 20)"
1,xgboost,SIC-2,31,108,0,0.0,9,,,,,"too few (0 test positives, need 20)"
1,xgboost,SIC-2,32,104,0,0.0,11,,,,,"too few (0 test positives, need 20)"
1,xgboost,SIC-2,33,384,0,0.0,33,,,,,"too few (0 test positives, need 20)"
1,xgboost,SIC-2,34,609,1,0.0016420361247947454,55,,,,,"too few (1 test positives, need 20)"
1,xgboost,SIC-2,35,1738,3,0.0017261219792865361,163,,,,,"too few (3 test positives, need 20)"
1,xgboost,SIC-2,36,2600,2,0.0007692307692307692,256,,,,,"too few (2 test positives, need 20)"
1,xgboost,SIC-2,37,1050,5,0.004761904761904762,112,,,,,"too few (5 test positives, need 20)"
1,xgboost,SIC-2,38,2963,5,0.0016874789065136687,302,,,,,"too few (5 test positives, need 20)"
1,xgboost,SIC-2,39,340,1,0.0029411764705882353,33,,,,,"too few (1 test positives, need 20)"
1,xgboost,SIC-2,40,30,0,0.0,3,,,,,"too few (0 test positives, need 20)"
1,xgboost,SIC-2,42,161,1,0.006211180124223602,16,,,,,"too few (1 test positives, need 20)"
1,xgboost,SIC-2,44,120,0,0.0,10,,,,,"too few (0 test positives, need 20)"
1,xgboost,SIC-2,45,221,1,0.004524886877828055,23,,,,,"too few (1 test positives, need 20)"
1,xgboost,SIC-2,46,20,0,0.0,3,,,,,"too few (0 test positives, need 20)"
1,xgboost,SIC-2,47,234,0,0.0,24,,,,,"too few (0 test positives, need 20)"
1,xgboost,SIC-2,48,815,1,0.001226993865030675,80,,,,,"too few (1 test positives, need 20)"
1,xgboost,SIC-2,49,1343,0,0.0,128,,,,,"too few (0 test positives, need 20)"
1,xgboost,SIC-2,50,659,0,0.0,64,,,,,"too few (0 test positives, need 20)"
1,xgboost,SIC-2,51,444,0,0.0,44,,,,,"too few (0 test positives, need 20)"
1,xgboost,SIC-2,52,128,0,0.0,11,,,,,"too few (0 test positives, need 20)"
1,xgboost,SIC-2,53,159,1,0.006289308176100629,14,,,,,"too few (1 test positives, need 20)"
1,xgboost,SIC-2,54,127,0,0.0,12,,,,,"too few (0 test positives, need 20)"
1,xgboost,SIC-2,55,300,1,0.0033333333333333335,29,,,,,"too few (1 test positives, need 20)"
1,xgboost,SIC-2,56,309,1,0.003236245954692557,27,,,,,"too few (1 test positives, need 20)"
1,xgboost,SIC-2,57,115,1,0.008695652173913044,14,,,,,"too few (1 test positives, need 20)"
1,xgboost,SIC-2,58,575,0,0.0,60,,,,,"too few (0 test positives, need 20)"
1,xgboost,SIC-2,59,703,4,0.005689900426742532,80,,,,,"too few (4 test positives, need 20)"
1,xgboost,SIC-2,70,247,0,0.0,23,,,,,"too few (0 test positives, need 20)"
1,xgboost,SIC-2,72,144,0,0.0,17,,,,,"too few (0 test positives, need 20)"
1,xgboost,SIC-2,73,4669,11,0.0023559648747055045,544,,,,,"too few (11 test positives, need 20)"
1,xgboost,SIC-2,75,84,0,0.0,10,,,,,"too few (0 test positives, need 20)"
1,xgboost,SIC-2,76,12,0,0.0,1,,,,,"too few (0 test positives, need 20)"
1,xgboost,SIC-2,78,100,0,0.0,14,,,,,"too few (0 test positives, need 20)"
1,xgboost,SIC-2,79,340,0,0.0,39,,,,,"too few (0 test positives, need 20)"
1,xgboost,SIC-2,80,791,4,0.0050568900126422255,86,,,,,"too few (4 test positives, need 20)"
1,xgboost,SIC-2,82,133,0,0.0,17,,,,,"too few (0 test positives, need 20)"
1,xgboost,SIC-2,83,12,0,0.0,1,,,,,"too few (0 test positives, need 20)"
1,xgboost,SIC-2,87,582,0,0.0,66,,,,,"too few (0 test positives, need 20)"
1,xgboost,SIC-2,89,21,0,0.0,2,,,,,"too few (0 test positives, need 20)"
1,transformer,SIC-2,1,190,1,0.005263157894736842,22,,,,,"too few (1 test positives, need 20)"
1,transformer,SIC-2,2,25,0,0.0,3,,,,,"too few (0 test positives, need 20)"
1,transformer,SIC-2,7,80,0,0.0,7,,,,,"too few (0 test positives, need 20)"
1,transformer,SIC-2,9,14,0,0.0,2,,,,,"too few (0 test positives, need 20)"
1,transformer,SIC-2,10,221,0,0.0,22,,,,,"too few (0 test positives, need 20)"
1,transformer,SIC-2,12,84,0,0.0,7,,,,,"too few (0 test positives, need 20)"
1,transformer,SIC-2,13,784,1,0.0012755102040816326,87,,,,,"too few (1 test positives, need 20)"
1,transformer,SIC-2,14,133,0,0.0,14,,,,,"too few (0 test positives, need 20)"
1,transformer,SIC-2,15,37,0,0.0,4,,,,,"too few (0 test positives, need 20)"
1,transformer,SIC-2,16,176,2,0.011363636363636364,18,,,,,"too few (2 test positives, need 20)"
1,transformer,SIC-2,17,142,0,0.0,15,,,,,"too few (0 test positives, need 20)"
1,transformer,SIC-2,20,997,1,0.0010030090270812437,99,,,,,"too few (1 test positives, need 20)"
1,transformer,SIC-2,21,82,0,0.0,9,,,,,"too few (0 test positives, need 20)"
1,transformer,SIC-2,22,85,0,0.0,8,,,,,"too few (0 test positives, need 20)"
1,transformer,SIC-2,23,219,0,0.0,21,,,,,"too few (0 test positives, need 20)"
1,transformer,SIC-2,24,149,1,0.006711409395973154,13,,,,,"too few (1 test positives, need 20)"
1,transformer,SIC-2,25,199,0,0.0,18,,,,,"too few (0 test positives, need 20)"
1,transformer,SIC-2,26,216,0,0.0,20,,,,,"too few (0 test positives, need 20)"
1,transformer,SIC-2,27,128,0,0.0,11,,,,,"too few (0 test positives, need 20)"
1,transformer,SIC-2,28,4357,10,0.0022951572182694515,516,,,,,"too few (10 test positives, need 20)"
1,transformer,SIC-2,29,175,1,0.005714285714285714,16,,,,,"too few (1 test positives, need 20)"
1,transformer,SIC-2,30,229,0,0.0,23,,,,,"too few (0 test positives, need 20)"
1,transformer,SIC-2,31,108,0,0.0,9,,,,,"too few (0 test positives, need 20)"
1,transformer,SIC-2,32,104,0,0.0,11,,,,,"too few (0 test positives, need 20)"
1,transformer,SIC-2,33,384,0,0.0,33,,,,,"too few (0 test positives, need 20)"
1,transformer,SIC-2,34,609,1,0.0016420361247947454,55,,,,,"too few (1 test positives, need 20)"
1,transformer,SIC-2,35,1738,3,0.0017261219792865361,163,,,,,"too few (3 test positives, need 20)"
1,transformer,SIC-2,36,2600,2,0.0007692307692307692,256,,,,,"too few (2 test positives, need 20)"
1,transformer,SIC-2,37,1050,5,0.004761904761904762,112,,,,,"too few (5 test positives, need 20)"
1,transformer,SIC-2,38,2963,5,0.0016874789065136687,302,,,,,"too few (5 test positives, need 20)"
1,transformer,SIC-2,39,340,1,0.0029411764705882353,33,,,,,"too few (1 test positives, need 20)"
1,transformer,SIC-2,40,30,0,0.0,3,,,,,"too few (0 test positives, need 20)"
1,transformer,SIC-2,42,161,1,0.006211180124223602,16,,,,,"too few (1 test positives, need 20)"
1,transformer,SIC-2,44,120,0,0.0,10,,,,,"too few (0 test positives, need 20)"
1,transformer,SIC-2,45,221,1,0.004524886877828055,23,,,,,"too few (1 test positives, need 20)"
1,transformer,SIC-2,46,20,0,0.0,3,,,,,"too few (0 test positives, need 20)"
1,transformer,SIC-2,47,234,0,0.0,24,,,,,"too few (0 test positives, need 20)"
1,transformer,SIC-2,48,815,1,0.001226993865030675,80,,,,,"too few (1 test positives, need 20)"
1,transformer,SIC-2,49,1343,0,0.0,128,,,,,"too few (0 test positives, need 20)"
1,transformer,SIC-2,50,659,0,0.0,64,,,,,"too few (0 test positives, need 20)"
1,transformer,SIC-2,51,444,0,0.0,44,,,,,"too few (0 test positives, need 20)"
1,transformer,SIC-2,52,128,0,0.0,11,,,,,"too few (0 test positives, need 20)"
1,transformer,SIC-2,53,159,1,0.006289308176100629,14,,,,,"too few (1 test positives, need 20)"
1,transformer,SIC-2,54,127,0,0.0,12,,,,,"too few (0 test positives, need 20)"
1,transformer,SIC-2,55,300,1,0.0033333333333333335,29,,,,,"too few (1 test positives, need 20)"
1,transformer,SIC-2,56,309,1,0.003236245954692557,27,,,,,"too few (1 test positives, need 20)"
1,transformer,SIC-2,57,115,1,0.008695652173913044,14,,,,,"too few (1 test positives, need 20)"
1,transformer,SIC-2,58,575,0,0.0,60,,,,,"too few (0 test positives, need 20)"
1,transformer,SIC-2,59,703,4,0.005689900426742532,80,,,,,"too few (4 test positives, need 20)"
1,transformer,SIC-2,70,247,0,0.0,23,,,,,"too few (0 test positives, need 20)"
1,transformer,SIC-2,72,144,0,0.0,17,,,,,"too few (0 test positives, need 20)"
1,transformer,SIC-2,73,4669,11,0.0023559648747055045,544,,,,,"too few (11 test positives, need 20)"
1,transformer,SIC-2,75,84,0,0.0,10,,,,,"too few (0 test positives, need 20)"
1,transformer,SIC-2,76,12,0,0.0,1,,,,,"too few (0 test positives, need 20)"
1,transformer,SIC-2,78,100,0,0.0,14,,,,,"too few (0 test positives, need 20)"
1,transformer,SIC-2,79,340,0,0.0,39,,,,,"too few (0 test positives, need 20)"
1,transformer,SIC-2,80,791,4,0.0050568900126422255,86,,,,,"too few (4 test positives, need 20)"
1,transformer,SIC-2,82,133,0,0.0,17,,,,,"too few (0 test positives, need 20)"
1,transformer,SIC-2,83,12,0,0.0,1,,,,,"too few (0 test positives, need 20)"
1,transformer,SIC-2,87,582,0,0.0,66,,,,,"too few (0 test positives, need 20)"
1,transformer,SIC-2,89,21,0,0.0,2,,,,,"too few (0 test positives, need 20)"
1,C_lstm,SIC-2,1,190,1,0.005263157894736842,22,,,,,"too few (1 test positives, need 20)"
1,C_lstm,SIC-2,2,25,0,0.0,3,,,,,"too few (0 test positives, need 20)"
1,C_lstm,SIC-2,7,80,0,0.0,7,,,,,"too few (0 test positives, need 20)"
1,C_lstm,SIC-2,9,14,0,0.0,2,,,,,"too few (0 test positives, need 20)"
1,C_lstm,SIC-2,10,221,0,0.0,22,,,,,"too few (0 test positives, need 20)"
1,C_lstm,SIC-2,12,84,0,0.0,7,,,,,"too few (0 test positives, need 20)"
1,C_lstm,SIC-2,13,784,1,0.0012755102040816326,87,,,,,"too few (1 test positives, need 20)"
1,C_lstm,SIC-2,14,133,0,0.0,14,,,,,"too few (0 test positives, need 20)"
1,C_lstm,SIC-2,15,37,0,0.0,4,,,,,"too few (0 test positives, need 20)"
1,C_lstm,SIC-2,16,176,2,0.011363636363636364,18,,,,,"too few (2 test positives, need 20)"
1,C_lstm,SIC-2,17,142,0,0.0,15,,,,,"too few (0 test positives, need 20)"
1,C_lstm,SIC-2,20,997,1,0.0010030090270812437,99,,,,,"too few (1 test positives, need 20)"
1,C_lstm,SIC-2,21,82,0,0.0,9,,,,,"too few (0 test positives, need 20)"
1,C_lstm,SIC-2,22,85,0,0.0,8,,,,,"too few (0 test positives, need 20)"
1,C_lstm,SIC-2,23,219,0,0.0,21,,,,,"too few (0 test positives, need 20)"
1,C_lstm,SIC-2,24,149,1,0.006711409395973154,13,,,,,"too few (1 test positives, need 20)"
1,C_lstm,SIC-2,25,199,0,0.0,18,,,,,"too few (0 test positives, need 20)"
1,C_lstm,SIC-2,26,216,0,0.0,20,,,,,"too few (0 test positives, need 20)"
1,C_lstm,SIC-2,27,128,0,0.0,11,,,,,"too few (0 test positives, need 20)"
1,C_lstm,SIC-2,28,4357,10,0.0022951572182694515,516,,,,,"too few (10 test positives, need 20)"
1,C_lstm,SIC-2,29,175,1,0.005714285714285714,16,,,,,"too few (1 test positives, need 20)"
1,C_lstm,SIC-2,30,229,0,0.0,23,,,,,"too few (0 test positives, need 20)"
1,C_lstm,SIC-2,31,108,0,0.0,9,,,,,"too few (0 test positives, need 20)"
1,C_lstm,SIC-2,32,104,0,0.0,11,,,,,"too few (0 test positives, need 20)"
1,C_lstm,SIC-2,33,384,0,0.0,33,,,,,"too few (0 test positives, need 20)"
1,C_lstm,SIC-2,34,609,1,0.0016420361247947454,55,,,,,"too few (1 test positives, need 20)"
1,C_lstm,SIC-2,35,1738,3,0.0017261219792865361,163,,,,,"too few (3 test positives, need 20)"
1,C_lstm,SIC-2,36,2600,2,0.0007692307692307692,256,,,,,"too few (2 test positives, need 20)"
1,C_lstm,SIC-2,37,1050,5,0.004761904761904762,112,,,,,"too few (5 test positives, need 20)"
1,C_lstm,SIC-2,38,2963,5,0.0016874789065136687,302,,,,,"too few (5 test positives, need 20)"
1,C_lstm,SIC-2,39,340,1,0.0029411764705882353,33,,,,,"too few (1 test positives, need 20)"
1,C_lstm,SIC-2,40,30,0,0.0,3,,,,,"too few (0 test positives, need 20)"
1,C_lstm,SIC-2,42,161,1,0.006211180124223602,16,,,,,"too few (1 test positives, need 20)"
1,C_lstm,SIC-2,44,120,0,0.0,10,,,,,"too few (0 test positives, need 20)"
1,C_lstm,SIC-2,45,221,1,0.004524886877828055,23,,,,,"too few (1 test positives, need 20)"
1,C_lstm,SIC-2,46,20,0,0.0,3,,,,,"too few (0 test positives, need 20)"
1,C_lstm,SIC-2,47,234,0,0.0,24,,,,,"too few (0 test positives, need 20)"
1,C_lstm,SIC-2,48,815,1,0.001226993865030675,80,,,,,"too few (1 test positives, need 20)"
1,C_lstm,SIC-2,49,1343,0,0.0,128,,,,,"too few (0 test positives, need 20)"
1,C_lstm,SIC-2,50,659,0,0.0,64,,,,,"too few (0 test positives, need 20)"
1,C_lstm,SIC-2,51,444,0,0.0,44,,,,,"too few (0 test positives, need 20)"
1,C_lstm,SIC-2,52,128,0,0.0,11,,,,,"too few (0 test positives, need 20)"
1,C_lstm,SIC-2,53,159,1,0.006289308176100629,14,,,,,"too few (1 test positives, need 20)"
1,C_lstm,SIC-2,54,127,0,0.0,12,,,,,"too few (0 test positives, need 20)"
1,C_lstm,SIC-2,55,300,1,0.0033333333333333335,29,,,,,"too few (1 test positives, need 20)"
1,C_lstm,SIC-2,56,309,1,0.003236245954692557,27,,,,,"too few (1 test positives, need 20)"
1,C_lstm,SIC-2,57,115,1,0.008695652173913044,14,,,,,"too few (1 test positives, need 20)"
1,C_lstm,SIC-2,58,575,0,0.0,60,,,,,"too few (0 test positives, need 20)"
1,C_lstm,SIC-2,59,703,4,0.005689900426742532,80,,,,,"too few (4 test positives, need 20)"
1,C_lstm,SIC-2,70,247,0,0.0,23,,,,,"too few (0 test positives, need 20)"
1,C_lstm,SIC-2,72,144,0,0.0,17,,,,,"too few (0 test positives, need 20)"
1,C_lstm,SIC-2,73,4669,11,0.0023559648747055045,544,,,,,"too few (11 test positives, need 20)"
1,C_lstm,SIC-2,75,84,0,0.0,10,,,,,"too few (0 test positives, need 20)"
1,C_lstm,SIC-2,76,12,0,0.0,1,,,,,"too few (0 test positives, need 20)"
1,C_lstm,SIC-2,78,100,0,0.0,14,,,,,"too few (0 test positives, need 20)"
1,C_lstm,SIC-2,79,340,0,0.0,39,,,,,"too few (0 test positives, need 20)"
1,C_lstm,SIC-2,80,791,4,0.0050568900126422255,86,,,,,"too few (4 test positives, need 20)"
1,C_lstm,SIC-2,82,133,0,0.0,17,,,,,"too few (0 test positives, need 20)"
1,C_lstm,SIC-2,83,12,0,0.0,1,,,,,"too few (0 test positives, need 20)"
1,C_lstm,SIC-2,87,582,0,0.0,66,,,,,"too few (0 test positives, need 20)"
1,C_lstm,SIC-2,89,21,0,0.0,2,,,,,"too few (0 test positives, need 20)"
2,altman_zdp,SIC-2,1,190,3,0.015789473684210527,22,,,,,"too few (3 test positives, need 20)"
2,altman_zdp,SIC-2,2,25,0,0.0,3,,,,,"too few (0 test positives, need 20)"
2,altman_zdp,SIC-2,7,80,0,0.0,7,,,,,"too few (0 test positives, need 20)"
2,altman_zdp,SIC-2,9,14,0,0.0,2,,,,,"too few (0 test positives, need 20)"
2,altman_zdp,SIC-2,10,221,1,0.004524886877828055,22,,,,,"too few (1 test positives, need 20)"
2,altman_zdp,SIC-2,12,84,0,0.0,7,,,,,"too few (0 test positives, need 20)"
2,altman_zdp,SIC-2,13,784,2,0.002551020408163265,87,,,,,"too few (2 test positives, need 20)"
2,altman_zdp,SIC-2,14,133,0,0.0,14,,,,,"too few (0 test positives, need 20)"
2,altman_zdp,SIC-2,15,37,0,0.0,4,,,,,"too few (0 test positives, need 20)"
2,altman_zdp,SIC-2,16,176,4,0.022727272727272728,18,,,,,"too few (4 test positives, need 20)"
2,altman_zdp,SIC-2,17,142,0,0.0,15,,,,,"too few (0 test positives, need 20)"
2,altman_zdp,SIC-2,20,997,4,0.004012036108324975,99,,,,,"too few (4 test positives, need 20)"
2,altman_zdp,SIC-2,21,82,0,0.0,9,,,,,"too few (0 test positives, need 20)"
2,altman_zdp,SIC-2,22,85,0,0.0,8,,,,,"too few (0 test positives, need 20)"
2,altman_zdp,SIC-2,23,219,0,0.0,21,,,,,"too few (0 test positives, need 20)"
2,altman_zdp,SIC-2,24,149,2,0.013422818791946308,13,,,,,"too few (2 test positives, need 20)"
2,altman_zdp,SIC-2,25,199,0,0.0,18,,,,,"too few (0 test positives, need 20)"
2,altman_zdp,SIC-2,26,216,0,0.0,20,,,,,"too few (0 test positives, need 20)"
2,altman_zdp,SIC-2,27,128,0,0.0,11,,,,,"too few (0 test positives, need 20)"
2,altman_zdp,SIC-2,28,4357,31,0.0071149873766353,516,0.023329921663337472,0.8288741741607386,0.013157909518621582,0.05123663721687385,reported
2,altman_zdp,SIC-2,29,175,2,0.011428571428571429,16,,,,,"too few (2 test positives, need 20)"
2,altman_zdp,SIC-2,30,229,0,0.0,23,,,,,"too few (0 test positives, need 20)"
2,altman_zdp,SIC-2,31,108,0,0.0,9,,,,,"too few (0 test positives, need 20)"
2,altman_zdp,SIC-2,32,104,0,0.0,11,,,,,"too few (0 test positives, need 20)"
2,altman_zdp,SIC-2,33,384,0,0.0,33,,,,,"too few (0 test positives, need 20)"
2,altman_zdp,SIC-2,34,609,2,0.003284072249589491,55,,,,,"too few (2 test positives, need 20)"
2,altman_zdp,SIC-2,35,1738,7,0.004027617951668585,163,,,,,"too few (7 test positives, need 20)"
2,altman_zdp,SIC-2,36,2600,10,0.0038461538461538464,256,,,,,"too few (10 test positives, need 20)"
2,altman_zdp,SIC-2,37,1050,10,0.009523809523809525,112,,,,,"too few (10 test positives, need 20)"
2,altman_zdp,SIC-2,38,2963,16,0.005399932500843739,302,,,,,"too few (16 test positives, need 20)"
2,altman_zdp,SIC-2,39,340,2,0.0058823529411764705,33,,,,,"too few (2 test positives, need 20)"
2,altman_zdp,SIC-2,40,30,0,0.0,3,,,,,"too few (0 test positives, need 20)"
2,altman_zdp,SIC-2,42,161,2,0.012422360248447204,16,,,,,"too few (2 test positives, need 20)"
2,altman_zdp,SIC-2,44,120,0,0.0,10,,,,,"too few (0 test positives, need 20)"
2,altman_zdp,SIC-2,45,221,2,0.00904977375565611,23,,,,,"too few (2 test positives, need 20)"
2,altman_zdp,SIC-2,46,20,0,0.0,3,,,,,"too few (0 test positives, need 20)"
2,altman_zdp,SIC-2,47,234,0,0.0,24,,,,,"too few (0 test positives, need 20)"
2,altman_zdp,SIC-2,48,815,3,0.0036809815950920245,80,,,,,"too few (3 test positives, need 20)"
2,altman_zdp,SIC-2,49,1343,0,0.0,128,,,,,"too few (0 test positives, need 20)"
2,altman_zdp,SIC-2,50,659,2,0.0030349013657056147,64,,,,,"too few (2 test positives, need 20)"
2,altman_zdp,SIC-2,51,444,1,0.0022522522522522522,44,,,,,"too few (1 test positives, need 20)"
2,altman_zdp,SIC-2,52,128,1,0.0078125,11,,,,,"too few (1 test positives, need 20)"
2,altman_zdp,SIC-2,53,159,2,0.012578616352201259,14,,,,,"too few (2 test positives, need 20)"
2,altman_zdp,SIC-2,54,127,0,0.0,12,,,,,"too few (0 test positives, need 20)"
2,altman_zdp,SIC-2,55,300,3,0.01,29,,,,,"too few (3 test positives, need 20)"
2,altman_zdp,SIC-2,56,309,2,0.006472491909385114,27,,,,,"too few (2 test positives, need 20)"
2,altman_zdp,SIC-2,57,115,3,0.02608695652173913,14,,,,,"too few (3 test positives, need 20)"
2,altman_zdp,SIC-2,58,575,1,0.0017391304347826088,60,,,,,"too few (1 test positives, need 20)"
2,altman_zdp,SIC-2,59,703,7,0.00995732574679943,80,,,,,"too few (7 test positives, need 20)"
2,altman_zdp,SIC-2,70,247,0,0.0,23,,,,,"too few (0 test positives, need 20)"
2,altman_zdp,SIC-2,72,144,0,0.0,17,,,,,"too few (0 test positives, need 20)"
2,altman_zdp,SIC-2,73,4669,22,0.004711929749411009,544,0.013866654040210397,0.7795645284347672,0.00582970307593855,0.029557263776490334,reported
2,altman_zdp,SIC-2,75,84,1,0.011904761904761904,10,,,,,"too few (1 test positives, need 20)"
2,altman_zdp,SIC-2,76,12,0,0.0,1,,,,,"too few (0 test positives, need 20)"
2,altman_zdp,SIC-2,78,100,0,0.0,14,,,,,"too few (0 test positives, need 20)"
2,altman_zdp,SIC-2,79,340,0,0.0,39,,,,,"too few (0 test positives, need 20)"
2,altman_zdp,SIC-2,80,791,10,0.012642225031605562,86,,,,,"too few (10 test positives, need 20)"
2,altman_zdp,SIC-2,82,133,0,0.0,17,,,,,"too few (0 test positives, need 20)"
2,altman_zdp,SIC-2,83,12,0,0.0,1,,,,,"too few (0 test positives, need 20)"
2,altman_zdp,SIC-2,87,582,0,0.0,66,,,,,"too few (0 test positives, need 20)"
2,altman_zdp,SIC-2,89,21,0,0.0,2,,,,,"too few (0 test positives, need 20)"
2,xgboost,SIC-2,1,190,3,0.015789473684210527,22,,,,,"too few (3 test positives, need 20)"
2,xgboost,SIC-2,2,25,0,0.0,3,,,,,"too few (0 test positives, need 20)"
2,xgboost,SIC-2,7,80,0,0.0,7,,,,,"too few (0 test positives, need 20)"
2,xgboost,SIC-2,9,14,0,0.0,2,,,,,"too few (0 test positives, need 20)"
2,xgboost,SIC-2,10,221,1,0.004524886877828055,22,,,,,"too few (1 test positives, need 20)"
2,xgboost,SIC-2,12,84,0,0.0,7,,,,,"too few (0 test positives, need 20)"
2,xgboost,SIC-2,13,784,2,0.002551020408163265,87,,,,,"too few (2 test positives, need 20)"
2,xgboost,SIC-2,14,133,0,0.0,14,,,,,"too few (0 test positives, need 20)"
2,xgboost,SIC-2,15,37,0,0.0,4,,,,,"too few (0 test positives, need 20)"
2,xgboost,SIC-2,16,176,4,0.022727272727272728,18,,,,,"too few (4 test positives, need 20)"
2,xgboost,SIC-2,17,142,0,0.0,15,,,,,"too few (0 test positives, need 20)"
2,xgboost,SIC-2,20,997,4,0.004012036108324975,99,,,,,"too few (4 test positives, need 20)"
2,xgboost,SIC-2,21,82,0,0.0,9,,,,,"too few (0 test positives, need 20)"
2,xgboost,SIC-2,22,85,0,0.0,8,,,,,"too few (0 test positives, need 20)"
2,xgboost,SIC-2,23,219,0,0.0,21,,,,,"too few (0 test positives, need 20)"
2,xgboost,SIC-2,24,149,2,0.013422818791946308,13,,,,,"too few (2 test positives, need 20)"
2,xgboost,SIC-2,25,199,0,0.0,18,,,,,"too few (0 test positives, need 20)"
2,xgboost,SIC-2,26,216,0,0.0,20,,,,,"too few (0 test positives, need 20)"
2,xgboost,SIC-2,27,128,0,0.0,11,,,,,"too few (0 test positives, need 20)"
2,xgboost,SIC-2,28,4357,31,0.0071149873766353,516,0.19861641785651082,0.9221436773895277,0.07602433834361987,0.34415745064948794,reported
2,xgboost,SIC-2,29,175,2,0.011428571428571429,16,,,,,"too few (2 test positives, need 20)"
2,xgboost,SIC-2,30,229,0,0.0,23,,,,,"too few (0 test positives, need 20)"
2,xgboost,SIC-2,31,108,0,0.0,9,,,,,"too few (0 test positives, need 20)"
2,xgboost,SIC-2,32,104,0,0.0,11,,,,,"too few (0 test positives, need 20)"
2,xgboost,SIC-2,33,384,0,0.0,33,,,,,"too few (0 test positives, need 20)"
2,xgboost,SIC-2,34,609,2,0.003284072249589491,55,,,,,"too few (2 test positives, need 20)"
2,xgboost,SIC-2,35,1738,7,0.004027617951668585,163,,,,,"too few (7 test positives, need 20)"
2,xgboost,SIC-2,36,2600,10,0.0038461538461538464,256,,,,,"too few (10 test positives, need 20)"
2,xgboost,SIC-2,37,1050,10,0.009523809523809525,112,,,,,"too few (10 test positives, need 20)"
2,xgboost,SIC-2,38,2963,16,0.005399932500843739,302,,,,,"too few (16 test positives, need 20)"
2,xgboost,SIC-2,39,340,2,0.0058823529411764705,33,,,,,"too few (2 test positives, need 20)"
2,xgboost,SIC-2,40,30,0,0.0,3,,,,,"too few (0 test positives, need 20)"
2,xgboost,SIC-2,42,161,2,0.012422360248447204,16,,,,,"too few (2 test positives, need 20)"
2,xgboost,SIC-2,44,120,0,0.0,10,,,,,"too few (0 test positives, need 20)"
2,xgboost,SIC-2,45,221,2,0.00904977375565611,23,,,,,"too few (2 test positives, need 20)"
2,xgboost,SIC-2,46,20,0,0.0,3,,,,,"too few (0 test positives, need 20)"
2,xgboost,SIC-2,47,234,0,0.0,24,,,,,"too few (0 test positives, need 20)"
2,xgboost,SIC-2,48,815,3,0.0036809815950920245,80,,,,,"too few (3 test positives, need 20)"
2,xgboost,SIC-2,49,1343,0,0.0,128,,,,,"too few (0 test positives, need 20)"
2,xgboost,SIC-2,50,659,2,0.0030349013657056147,64,,,,,"too few (2 test positives, need 20)"
2,xgboost,SIC-2,51,444,1,0.0022522522522522522,44,,,,,"too few (1 test positives, need 20)"
2,xgboost,SIC-2,52,128,1,0.0078125,11,,,,,"too few (1 test positives, need 20)"
2,xgboost,SIC-2,53,159,2,0.012578616352201259,14,,,,,"too few (2 test positives, need 20)"
2,xgboost,SIC-2,54,127,0,0.0,12,,,,,"too few (0 test positives, need 20)"
2,xgboost,SIC-2,55,300,3,0.01,29,,,,,"too few (3 test positives, need 20)"
2,xgboost,SIC-2,56,309,2,0.006472491909385114,27,,,,,"too few (2 test positives, need 20)"
2,xgboost,SIC-2,57,115,3,0.02608695652173913,14,,,,,"too few (3 test positives, need 20)"
2,xgboost,SIC-2,58,575,1,0.0017391304347826088,60,,,,,"too few (1 test positives, need 20)"
2,xgboost,SIC-2,59,703,7,0.00995732574679943,80,,,,,"too few (7 test positives, need 20)"
2,xgboost,SIC-2,70,247,0,0.0,23,,,,,"too few (0 test positives, need 20)"
2,xgboost,SIC-2,72,144,0,0.0,17,,,,,"too few (0 test positives, need 20)"
2,xgboost,SIC-2,73,4669,22,0.004711929749411009,544,0.09500598745624708,0.865093804409492,0.014583398841146988,0.2949812925008363,reported
2,xgboost,SIC-2,75,84,1,0.011904761904761904,10,,,,,"too few (1 test positives, need 20)"
2,xgboost,SIC-2,76,12,0,0.0,1,,,,,"too few (0 test positives, need 20)"
2,xgboost,SIC-2,78,100,0,0.0,14,,,,,"too few (0 test positives, need 20)"
2,xgboost,SIC-2,79,340,0,0.0,39,,,,,"too few (0 test positives, need 20)"
2,xgboost,SIC-2,80,791,10,0.012642225031605562,86,,,,,"too few (10 test positives, need 20)"
2,xgboost,SIC-2,82,133,0,0.0,17,,,,,"too few (0 test positives, need 20)"
2,xgboost,SIC-2,83,12,0,0.0,1,,,,,"too few (0 test positives, need 20)"
2,xgboost,SIC-2,87,582,0,0.0,66,,,,,"too few (0 test positives, need 20)"
2,xgboost,SIC-2,89,21,0,0.0,2,,,,,"too few (0 test positives, need 20)"
2,transformer,SIC-2,1,190,3,0.015789473684210527,22,,,,,"too few (3 test positives, need 20)"
2,transformer,SIC-2,2,25,0,0.0,3,,,,,"too few (0 test positives, need 20)"
2,transformer,SIC-2,7,80,0,0.0,7,,,,,"too few (0 test positives, need 20)"
2,transformer,SIC-2,9,14,0,0.0,2,,,,,"too few (0 test positives, need 20)"
2,transformer,SIC-2,10,221,1,0.004524886877828055,22,,,,,"too few (1 test positives, need 20)"
2,transformer,SIC-2,12,84,0,0.0,7,,,,,"too few (0 test positives, need 20)"
2,transformer,SIC-2,13,784,2,0.002551020408163265,87,,,,,"too few (2 test positives, need 20)"
2,transformer,SIC-2,14,133,0,0.0,14,,,,,"too few (0 test positives, need 20)"
2,transformer,SIC-2,15,37,0,0.0,4,,,,,"too few (0 test positives, need 20)"
2,transformer,SIC-2,16,176,4,0.022727272727272728,18,,,,,"too few (4 test positives, need 20)"
2,transformer,SIC-2,17,142,0,0.0,15,,,,,"too few (0 test positives, need 20)"
2,transformer,SIC-2,20,997,4,0.004012036108324975,99,,,,,"too few (4 test positives, need 20)"
2,transformer,SIC-2,21,82,0,0.0,9,,,,,"too few (0 test positives, need 20)"
2,transformer,SIC-2,22,85,0,0.0,8,,,,,"too few (0 test positives, need 20)"
2,transformer,SIC-2,23,219,0,0.0,21,,,,,"too few (0 test positives, need 20)"
2,transformer,SIC-2,24,149,2,0.013422818791946308,13,,,,,"too few (2 test positives, need 20)"
2,transformer,SIC-2,25,199,0,0.0,18,,,,,"too few (0 test positives, need 20)"
2,transformer,SIC-2,26,216,0,0.0,20,,,,,"too few (0 test positives, need 20)"
2,transformer,SIC-2,27,128,0,0.0,11,,,,,"too few (0 test positives, need 20)"
2,transformer,SIC-2,28,4357,31,0.0071149873766353,516,0.16831231983356792,0.898744276915276,0.03712750801702448,0.3333215016907984,reported
2,transformer,SIC-2,29,175,2,0.011428571428571429,16,,,,,"too few (2 test positives, need 20)"
2,transformer,SIC-2,30,229,0,0.0,23,,,,,"too few (0 test positives, need 20)"
2,transformer,SIC-2,31,108,0,0.0,9,,,,,"too few (0 test positives, need 20)"
2,transformer,SIC-2,32,104,0,0.0,11,,,,,"too few (0 test positives, need 20)"
2,transformer,SIC-2,33,384,0,0.0,33,,,,,"too few (0 test positives, need 20)"
2,transformer,SIC-2,34,609,2,0.003284072249589491,55,,,,,"too few (2 test positives, need 20)"
2,transformer,SIC-2,35,1738,7,0.004027617951668585,163,,,,,"too few (7 test positives, need 20)"
2,transformer,SIC-2,36,2600,10,0.0038461538461538464,256,,,,,"too few (10 test positives, need 20)"
2,transformer,SIC-2,37,1050,10,0.009523809523809525,112,,,,,"too few (10 test positives, need 20)"
2,transformer,SIC-2,38,2963,16,0.005399932500843739,302,,,,,"too few (16 test positives, need 20)"
2,transformer,SIC-2,39,340,2,0.0058823529411764705,33,,,,,"too few (2 test positives, need 20)"
2,transformer,SIC-2,40,30,0,0.0,3,,,,,"too few (0 test positives, need 20)"
2,transformer,SIC-2,42,161,2,0.012422360248447204,16,,,,,"too few (2 test positives, need 20)"
2,transformer,SIC-2,44,120,0,0.0,10,,,,,"too few (0 test positives, need 20)"
2,transformer,SIC-2,45,221,2,0.00904977375565611,23,,,,,"too few (2 test positives, need 20)"
2,transformer,SIC-2,46,20,0,0.0,3,,,,,"too few (0 test positives, need 20)"
2,transformer,SIC-2,47,234,0,0.0,24,,,,,"too few (0 test positives, need 20)"
2,transformer,SIC-2,48,815,3,0.0036809815950920245,80,,,,,"too few (3 test positives, need 20)"
2,transformer,SIC-2,49,1343,0,0.0,128,,,,,"too few (0 test positives, need 20)"
2,transformer,SIC-2,50,659,2,0.0030349013657056147,64,,,,,"too few (2 test positives, need 20)"
2,transformer,SIC-2,51,444,1,0.0022522522522522522,44,,,,,"too few (1 test positives, need 20)"
2,transformer,SIC-2,52,128,1,0.0078125,11,,,,,"too few (1 test positives, need 20)"
2,transformer,SIC-2,53,159,2,0.012578616352201259,14,,,,,"too few (2 test positives, need 20)"
2,transformer,SIC-2,54,127,0,0.0,12,,,,,"too few (0 test positives, need 20)"
2,transformer,SIC-2,55,300,3,0.01,29,,,,,"too few (3 test positives, need 20)"
2,transformer,SIC-2,56,309,2,0.006472491909385114,27,,,,,"too few (2 test positives, need 20)"
2,transformer,SIC-2,57,115,3,0.02608695652173913,14,,,,,"too few (3 test positives, need 20)"
2,transformer,SIC-2,58,575,1,0.0017391304347826088,60,,,,,"too few (1 test positives, need 20)"
2,transformer,SIC-2,59,703,7,0.00995732574679943,80,,,,,"too few (7 test positives, need 20)"
2,transformer,SIC-2,70,247,0,0.0,23,,,,,"too few (0 test positives, need 20)"
2,transformer,SIC-2,72,144,0,0.0,17,,,,,"too few (0 test positives, need 20)"
2,transformer,SIC-2,73,4669,22,0.004711929749411009,544,0.20143589928447336,0.7876538137997144,0.00846080461321384,0.4492157892607114,reported
2,transformer,SIC-2,75,84,1,0.011904761904761904,10,,,,,"too few (1 test positives, need 20)"
2,transformer,SIC-2,76,12,0,0.0,1,,,,,"too few (0 test positives, need 20)"
2,transformer,SIC-2,78,100,0,0.0,14,,,,,"too few (0 test positives, need 20)"
2,transformer,SIC-2,79,340,0,0.0,39,,,,,"too few (0 test positives, need 20)"
2,transformer,SIC-2,80,791,10,0.012642225031605562,86,,,,,"too few (10 test positives, need 20)"
2,transformer,SIC-2,82,133,0,0.0,17,,,,,"too few (0 test positives, need 20)"
2,transformer,SIC-2,83,12,0,0.0,1,,,,,"too few (0 test positives, need 20)"
2,transformer,SIC-2,87,582,0,0.0,66,,,,,"too few (0 test positives, need 20)"
2,transformer,SIC-2,89,21,0,0.0,2,,,,,"too few (0 test positives, need 20)"
2,C_lstm,SIC-2,1,190,3,0.015789473684210527,22,,,,,"too few (3 test positives, need 20)"
2,C_lstm,SIC-2,2,25,0,0.0,3,,,,,"too few (0 test positives, need 20)"
2,C_lstm,SIC-2,7,80,0,0.0,7,,,,,"too few (0 test positives, need 20)"
2,C_lstm,SIC-2,9,14,0,0.0,2,,,,,"too few (0 test positives, need 20)"
2,C_lstm,SIC-2,10,221,1,0.004524886877828055,22,,,,,"too few (1 test positives, need 20)"
2,C_lstm,SIC-2,12,84,0,0.0,7,,,,,"too few (0 test positives, need 20)"
2,C_lstm,SIC-2,13,784,2,0.002551020408163265,87,,,,,"too few (2 test positives, need 20)"
2,C_lstm,SIC-2,14,133,0,0.0,14,,,,,"too few (0 test positives, need 20)"
2,C_lstm,SIC-2,15,37,0,0.0,4,,,,,"too few (0 test positives, need 20)"
2,C_lstm,SIC-2,16,176,4,0.022727272727272728,18,,,,,"too few (4 test positives, need 20)"
2,C_lstm,SIC-2,17,142,0,0.0,15,,,,,"too few (0 test positives, need 20)"
2,C_lstm,SIC-2,20,997,4,0.004012036108324975,99,,,,,"too few (4 test positives, need 20)"
2,C_lstm,SIC-2,21,82,0,0.0,9,,,,,"too few (0 test positives, need 20)"
2,C_lstm,SIC-2,22,85,0,0.0,8,,,,,"too few (0 test positives, need 20)"
2,C_lstm,SIC-2,23,219,0,0.0,21,,,,,"too few (0 test positives, need 20)"
2,C_lstm,SIC-2,24,149,2,0.013422818791946308,13,,,,,"too few (2 test positives, need 20)"
2,C_lstm,SIC-2,25,199,0,0.0,18,,,,,"too few (0 test positives, need 20)"
2,C_lstm,SIC-2,26,216,0,0.0,20,,,,,"too few (0 test positives, need 20)"
2,C_lstm,SIC-2,27,128,0,0.0,11,,,,,"too few (0 test positives, need 20)"
2,C_lstm,SIC-2,28,4357,31,0.0071149873766353,516,0.206345830578507,0.942157696150806,0.08263450869687293,0.36995621611348606,reported
2,C_lstm,SIC-2,29,175,2,0.011428571428571429,16,,,,,"too few (2 test positives, need 20)"
2,C_lstm,SIC-2,30,229,0,0.0,23,,,,,"too few (0 test positives, need 20)"
2,C_lstm,SIC-2,31,108,0,0.0,9,,,,,"too few (0 test positives, need 20)"
2,C_lstm,SIC-2,32,104,0,0.0,11,,,,,"too few (0 test positives, need 20)"
2,C_lstm,SIC-2,33,384,0,0.0,33,,,,,"too few (0 test positives, need 20)"
2,C_lstm,SIC-2,34,609,2,0.003284072249589491,55,,,,,"too few (2 test positives, need 20)"
2,C_lstm,SIC-2,35,1738,7,0.004027617951668585,163,,,,,"too few (7 test positives, need 20)"
2,C_lstm,SIC-2,36,2600,10,0.0038461538461538464,256,,,,,"too few (10 test positives, need 20)"
2,C_lstm,SIC-2,37,1050,10,0.009523809523809525,112,,,,,"too few (10 test positives, need 20)"
2,C_lstm,SIC-2,38,2963,16,0.005399932500843739,302,,,,,"too few (16 test positives, need 20)"
2,C_lstm,SIC-2,39,340,2,0.0058823529411764705,33,,,,,"too few (2 test positives, need 20)"
2,C_lstm,SIC-2,40,30,0,0.0,3,,,,,"too few (0 test positives, need 20)"
2,C_lstm,SIC-2,42,161,2,0.012422360248447204,16,,,,,"too few (2 test positives, need 20)"
2,C_lstm,SIC-2,44,120,0,0.0,10,,,,,"too few (0 test positives, need 20)"
2,C_lstm,SIC-2,45,221,2,0.00904977375565611,23,,,,,"too few (2 test positives, need 20)"
2,C_lstm,SIC-2,46,20,0,0.0,3,,,,,"too few (0 test positives, need 20)"
2,C_lstm,SIC-2,47,234,0,0.0,24,,,,,"too few (0 test positives, need 20)"
2,C_lstm,SIC-2,48,815,3,0.0036809815950920245,80,,,,,"too few (3 test positives, need 20)"
2,C_lstm,SIC-2,49,1343,0,0.0,128,,,,,"too few (0 test positives, need 20)"
2,C_lstm,SIC-2,50,659,2,0.0030349013657056147,64,,,,,"too few (2 test positives, need 20)"
2,C_lstm,SIC-2,51,444,1,0.0022522522522522522,44,,,,,"too few (1 test positives, need 20)"
2,C_lstm,SIC-2,52,128,1,0.0078125,11,,,,,"too few (1 test positives, need 20)"
2,C_lstm,SIC-2,53,159,2,0.012578616352201259,14,,,,,"too few (2 test positives, need 20)"
2,C_lstm,SIC-2,54,127,0,0.0,12,,,,,"too few (0 test positives, need 20)"
2,C_lstm,SIC-2,55,300,3,0.01,29,,,,,"too few (3 test positives, need 20)"
2,C_lstm,SIC-2,56,309,2,0.006472491909385114,27,,,,,"too few (2 test positives, need 20)"
2,C_lstm,SIC-2,57,115,3,0.02608695652173913,14,,,,,"too few (3 test positives, need 20)"
2,C_lstm,SIC-2,58,575,1,0.0017391304347826088,60,,,,,"too few (1 test positives, need 20)"
2,C_lstm,SIC-2,59,703,7,0.00995732574679943,80,,,,,"too few (7 test positives, need 20)"
2,C_lstm,SIC-2,70,247,0,0.0,23,,,,,"too few (0 test positives, need 20)"
2,C_lstm,SIC-2,72,144,0,0.0,17,,,,,"too few (0 test positives, need 20)"
2,C_lstm,SIC-2,73,4669,22,0.004711929749411009,544,0.1344152052879007,0.7877516286167028,0.010291434817458547,0.35113150521526443,reported
2,C_lstm,SIC-2,75,84,1,0.011904761904761904,10,,,,,"too few (1 test positives, need 20)"
2,C_lstm,SIC-2,76,12,0,0.0,1,,,,,"too few (0 test positives, need 20)"
2,C_lstm,SIC-2,78,100,0,0.0,14,,,,,"too few (0 test positives, need 20)"
2,C_lstm,SIC-2,79,340,0,0.0,39,,,,,"too few (0 test positives, need 20)"
2,C_lstm,SIC-2,80,791,10,0.012642225031605562,86,,,,,"too few (10 test positives, need 20)"
2,C_lstm,SIC-2,82,133,0,0.0,17,,,,,"too few (0 test positives, need 20)"
2,C_lstm,SIC-2,83,12,0,0.0,1,,,,,"too few (0 test positives, need 20)"
2,C_lstm,SIC-2,87,582,0,0.0,66,,,,,"too few (0 test positives, need 20)"
2,C_lstm,SIC-2,89,21,0,0.0,2,,,,,"too few (0 test positives, need 20)"
3,altman_zdp,SIC-2,1,190,5,0.02631578947368421,22,,,,,"too few (5 test positives, need 20)"
3,altman_zdp,SIC-2,2,25,0,0.0,3,,,,,"too few (0 test positives, need 20)"
3,altman_zdp,SIC-2,7,80,0,0.0,7,,,,,"too few (0 test positives, need 20)"
3,altman_zdp,SIC-2,9,14,1,0.07142857142857142,2,,,,,"too few (1 test positives, need 20)"
3,altman_zdp,SIC-2,10,221,2,0.00904977375565611,22,,,,,"too few (2 test positives, need 20)"
3,altman_zdp,SIC-2,12,84,0,0.0,7,,,,,"too few (0 test positives, need 20)"
3,altman_zdp,SIC-2,13,784,3,0.003826530612244898,87,,,,,"too few (3 test positives, need 20)"
3,altman_zdp,SIC-2,14,133,0,0.0,14,,,,,"too few (0 test positives, need 20)"
3,altman_zdp,SIC-2,15,37,0,0.0,4,,,,,"too few (0 test positives, need 20)"
3,altman_zdp,SIC-2,16,176,5,0.028409090909090908,18,,,,,"too few (5 test positives, need 20)"
3,altman_zdp,SIC-2,17,142,0,0.0,15,,,,,"too few (0 test positives, need 20)"
3,altman_zdp,SIC-2,20,997,7,0.007021063189568706,99,,,,,"too few (7 test positives, need 20)"
3,altman_zdp,SIC-2,21,82,0,0.0,9,,,,,"too few (0 test positives, need 20)"
3,altman_zdp,SIC-2,22,85,0,0.0,8,,,,,"too few (0 test positives, need 20)"
3,altman_zdp,SIC-2,23,219,0,0.0,21,,,,,"too few (0 test positives, need 20)"
3,altman_zdp,SIC-2,24,149,3,0.020134228187919462,13,,,,,"too few (3 test positives, need 20)"
3,altman_zdp,SIC-2,25,199,0,0.0,18,,,,,"too few (0 test positives, need 20)"
3,altman_zdp,SIC-2,26,216,0,0.0,20,,,,,"too few (0 test positives, need 20)"
3,altman_zdp,SIC-2,27,128,0,0.0,11,,,,,"too few (0 test positives, need 20)"
3,altman_zdp,SIC-2,28,4357,50,0.011475786091347258,516,0.03217389402294463,0.8217924309263989,0.019208688404578678,0.0555542261065125,reported
3,altman_zdp,SIC-2,29,175,3,0.017142857142857144,16,,,,,"too few (3 test positives, need 20)"
3,altman_zdp,SIC-2,30,229,0,0.0,23,,,,,"too few (0 test positives, need 20)"
3,altman_zdp,SIC-2,31,108,0,0.0,9,,,,,"too few (0 test positives, need 20)"
3,altman_zdp,SIC-2,32,104,1,0.009615384615384616,11,,,,,"too few (1 test positives, need 20)"
3,altman_zdp,SIC-2,33,384,0,0.0,33,,,,,"too few (0 test positives, need 20)"
3,altman_zdp,SIC-2,34,609,3,0.0049261083743842365,55,,,,,"too few (3 test positives, need 20)"
3,altman_zdp,SIC-2,35,1738,10,0.005753739930955121,163,,,,,"too few (10 test positives, need 20)"
3,altman_zdp,SIC-2,36,2600,19,0.007307692307692308,256,,,,,"too few (19 test positives, need 20)"
3,altman_zdp,SIC-2,37,1050,14,0.013333333333333334,112,,,,,"too few (14 test positives, need 20)"
3,altman_zdp,SIC-2,38,2963,27,0.00911238609517381,302,0.02050365971498208,0.7833787465940055,0.009431012145974244,0.04327286490268428,reported
3,altman_zdp,SIC-2,39,340,4,0.011764705882352941,33,,,,,"too few (4 test positives, need 20)"
3,altman_zdp,SIC-2,40,30,0,0.0,3,,,,,"too few (0 test positives, need 20)"
3,altman_zdp,SIC-2,42,161,3,0.018633540372670808,16,,,,,"too few (3 test positives, need 20)"
3,altman_zdp,SIC-2,44,120,0,0.0,10,,,,,"too few (0 test positives, need 20)"
3,altman_zdp,SIC-2,45,221,3,0.013574660633484163,23,,,,,"too few (3 test positives, need 20)"
3,altman_zdp,SIC-2,46,20,0,0.0,3,,,,,"too few (0 test positives, need 20)"
3,altman_zdp,SIC-2,47,234,0,0.0,24,,,,,"too few (0 test positives, need 20)"
3,altman_zdp,SIC-2,48,815,5,0.006134969325153374,80,,,,,"too few (5 test positives, need 20)"
3,altman_zdp,SIC-2,49,1343,0,0.0,128,,,,,"too few (0 test positives, need 20)"
3,altman_zdp,SIC-2,50,659,4,0.006069802731411229,64,,,,,"too few (4 test positives, need 20)"
3,altman_zdp,SIC-2,51,444,2,0.0045045045045045045,44,,,,,"too few (2 test positives, need 20)"
3,altman_zdp,SIC-2,52,128,2,0.015625,11,,,,,"too few (2 test positives, need 20)"
3,altman_zdp,SIC-2,53,159,3,0.018867924528301886,14,,,,,"too few (3 test positives, need 20)"
3,altman_zdp,SIC-2,54,127,0,0.0,12,,,,,"too few (0 test positives, need 20)"
3,altman_zdp,SIC-2,55,300,5,0.016666666666666666,29,,,,,"too few (5 test positives, need 20)"
3,altman_zdp,SIC-2,56,309,3,0.009708737864077669,27,,,,,"too few (3 test positives, need 20)"
3,altman_zdp,SIC-2,57,115,5,0.043478260869565216,14,,,,,"too few (5 test positives, need 20)"
3,altman_zdp,SIC-2,58,575,2,0.0034782608695652175,60,,,,,"too few (2 test positives, need 20)"
3,altman_zdp,SIC-2,59,703,13,0.01849217638691323,80,,,,,"too few (13 test positives, need 20)"
3,altman_zdp,SIC-2,70,247,0,0.0,23,,,,,"too few (0 test positives, need 20)"
3,altman_zdp,SIC-2,72,144,0,0.0,17,,,,,"too few (0 test positives, need 20)"
3,altman_zdp,SIC-2,73,4669,34,0.007282073249089741,544,0.020910597962604676,0.7909575480677709,0.008944106535845502,0.04166689727762029,reported
3,altman_zdp,SIC-2,75,84,2,0.023809523809523808,10,,,,,"too few (2 test positives, need 20)"
3,altman_zdp,SIC-2,76,12,0,0.0,1,,,,,"too few (0 test positives, need 20)"
3,altman_zdp,SIC-2,78,100,0,0.0,14,,,,,"too few (0 test positives, need 20)"
3,altman_zdp,SIC-2,79,340,0,0.0,39,,,,,"too few (0 test positives, need 20)"
3,altman_zdp,SIC-2,80,791,17,0.021491782553729456,86,,,,,"too few (17 test positives, need 20)"
3,altman_zdp,SIC-2,82,133,0,0.0,17,,,,,"too few (0 test positives, need 20)"
3,altman_zdp,SIC-2,83,12,0,0.0,1,,,,,"too few (0 test positives, need 20)"
3,altman_zdp,SIC-2,87,582,0,0.0,66,,,,,"too few (0 test positives, need 20)"
3,altman_zdp,SIC-2,89,21,0,0.0,2,,,,,"too few (0 test positives, need 20)"
3,xgboost,SIC-2,1,190,5,0.02631578947368421,22,,,,,"too few (5 test positives, need 20)"
3,xgboost,SIC-2,2,25,0,0.0,3,,,,,"too few (0 test positives, need 20)"
3,xgboost,SIC-2,7,80,0,0.0,7,,,,,"too few (0 test positives, need 20)"
3,xgboost,SIC-2,9,14,1,0.07142857142857142,2,,,,,"too few (1 test positives, need 20)"
3,xgboost,SIC-2,10,221,2,0.00904977375565611,22,,,,,"too few (2 test positives, need 20)"
3,xgboost,SIC-2,12,84,0,0.0,7,,,,,"too few (0 test positives, need 20)"
3,xgboost,SIC-2,13,784,3,0.003826530612244898,87,,,,,"too few (3 test positives, need 20)"
3,xgboost,SIC-2,14,133,0,0.0,14,,,,,"too few (0 test positives, need 20)"
3,xgboost,SIC-2,15,37,0,0.0,4,,,,,"too few (0 test positives, need 20)"
3,xgboost,SIC-2,16,176,5,0.028409090909090908,18,,,,,"too few (5 test positives, need 20)"
3,xgboost,SIC-2,17,142,0,0.0,15,,,,,"too few (0 test positives, need 20)"
3,xgboost,SIC-2,20,997,7,0.007021063189568706,99,,,,,"too few (7 test positives, need 20)"
3,xgboost,SIC-2,21,82,0,0.0,9,,,,,"too few (0 test positives, need 20)"
3,xgboost,SIC-2,22,85,0,0.0,8,,,,,"too few (0 test positives, need 20)"
3,xgboost,SIC-2,23,219,0,0.0,21,,,,,"too few (0 test positives, need 20)"
3,xgboost,SIC-2,24,149,3,0.020134228187919462,13,,,,,"too few (3 test positives, need 20)"
3,xgboost,SIC-2,25,199,0,0.0,18,,,,,"too few (0 test positives, need 20)"
3,xgboost,SIC-2,26,216,0,0.0,20,,,,,"too few (0 test positives, need 20)"
3,xgboost,SIC-2,27,128,0,0.0,11,,,,,"too few (0 test positives, need 20)"
3,xgboost,SIC-2,28,4357,50,0.011475786091347258,516,0.2685646318194738,0.932212677037381,0.12661119462821532,0.4394402898877292,reported
3,xgboost,SIC-2,29,175,3,0.017142857142857144,16,,,,,"too few (3 test positives, need 20)"
3,xgboost,SIC-2,30,229,0,0.0,23,,,,,"too few (0 test positives, need 20)"
3,xgboost,SIC-2,31,108,0,0.0,9,,,,,"too few (0 test positives, need 20)"
3,xgboost,SIC-2,32,104,1,0.009615384615384616,11,,,,,"too few (1 test positives, need 20)"
3,xgboost,SIC-2,33,384,0,0.0,33,,,,,"too few (0 test positives, need 20)"
3,xgboost,SIC-2,34,609,3,0.0049261083743842365,55,,,,,"too few (3 test positives, need 20)"
3,xgboost,SIC-2,35,1738,10,0.005753739930955121,163,,,,,"too few (10 test positives, need 20)"
3,xgboost,SIC-2,36,2600,19,0.007307692307692308,256,,,,,"too few (19 test positives, need 20)"
3,xgboost,SIC-2,37,1050,14,0.013333333333333334,112,,,,,"too few (14 test positives, need 20)"
3,xgboost,SIC-2,38,2963,27,0.00911238609517381,302,0.09257096670280686,0.8961045514179029,0.02976495923629692,0.288551432090692,reported
3,xgboost,SIC-2,39,340,4,0.011764705882352941,33,,,,,"too few (4 test positives, need 20)"
3,xgboost,SIC-2,40,30,0,0.0,3,,,,,"too few (0 test positives, need 20)"
3,xgboost,SIC-2,42,161,3,0.018633540372670808,16,,,,,"too few (3 test positives, need 20)"
3,xgboost,SIC-2,44,120,0,0.0,10,,,,,"too few (0 test positives, need 20)"
3,xgboost,SIC-2,45,221,3,0.013574660633484163,23,,,,,"too few (3 test positives, need 20)"
3,xgboost,SIC-2,46,20,0,0.0,3,,,,,"too few (0 test positives, need 20)"
3,xgboost,SIC-2,47,234,0,0.0,24,,,,,"too few (0 test positives, need 20)"
3,xgboost,SIC-2,48,815,5,0.006134969325153374,80,,,,,"too few (5 test positives, need 20)"
3,xgboost,SIC-2,49,1343,0,0.0,128,,,,,"too few (0 test positives, need 20)"
3,xgboost,SIC-2,50,659,4,0.006069802731411229,64,,,,,"too few (4 test positives, need 20)"
3,xgboost,SIC-2,51,444,2,0.0045045045045045045,44,,,,,"too few (2 test positives, need 20)"
3,xgboost,SIC-2,52,128,2,0.015625,11,,,,,"too few (2 test positives, need 20)"
3,xgboost,SIC-2,53,159,3,0.018867924528301886,14,,,,,"too few (3 test positives, need 20)"
3,xgboost,SIC-2,54,127,0,0.0,12,,,,,"too few (0 test positives, need 20)"
3,xgboost,SIC-2,55,300,5,0.016666666666666666,29,,,,,"too few (5 test positives, need 20)"
3,xgboost,SIC-2,56,309,3,0.009708737864077669,27,,,,,"too few (3 test positives, need 20)"
3,xgboost,SIC-2,57,115,5,0.043478260869565216,14,,,,,"too few (5 test positives, need 20)"
3,xgboost,SIC-2,58,575,2,0.0034782608695652175,60,,,,,"too few (2 test positives, need 20)"
3,xgboost,SIC-2,59,703,13,0.01849217638691323,80,,,,,"too few (13 test positives, need 20)"
3,xgboost,SIC-2,70,247,0,0.0,23,,,,,"too few (0 test positives, need 20)"
3,xgboost,SIC-2,72,144,0,0.0,17,,,,,"too few (0 test positives, need 20)"
3,xgboost,SIC-2,73,4669,34,0.007282073249089741,544,0.12409167695311456,0.9097468113458975,0.03673196348572594,0.3005799600553328,reported
3,xgboost,SIC-2,75,84,2,0.023809523809523808,10,,,,,"too few (2 test positives, need 20)"
3,xgboost,SIC-2,76,12,0,0.0,1,,,,,"too few (0 test positives, need 20)"
3,xgboost,SIC-2,78,100,0,0.0,14,,,,,"too few (0 test positives, need 20)"
3,xgboost,SIC-2,79,340,0,0.0,39,,,,,"too few (0 test positives, need 20)"
3,xgboost,SIC-2,80,791,17,0.021491782553729456,86,,,,,"too few (17 test positives, need 20)"
3,xgboost,SIC-2,82,133,0,0.0,17,,,,,"too few (0 test positives, need 20)"
3,xgboost,SIC-2,83,12,0,0.0,1,,,,,"too few (0 test positives, need 20)"
3,xgboost,SIC-2,87,582,0,0.0,66,,,,,"too few (0 test positives, need 20)"
3,xgboost,SIC-2,89,21,0,0.0,2,,,,,"too few (0 test positives, need 20)"
3,transformer,SIC-2,1,190,5,0.02631578947368421,22,,,,,"too few (5 test positives, need 20)"
3,transformer,SIC-2,2,25,0,0.0,3,,,,,"too few (0 test positives, need 20)"
3,transformer,SIC-2,7,80,0,0.0,7,,,,,"too few (0 test positives, need 20)"
3,transformer,SIC-2,9,14,1,0.07142857142857142,2,,,,,"too few (1 test positives, need 20)"
3,transformer,SIC-2,10,221,2,0.00904977375565611,22,,,,,"too few (2 test positives, need 20)"
3,transformer,SIC-2,12,84,0,0.0,7,,,,,"too few (0 test positives, need 20)"
3,transformer,SIC-2,13,784,3,0.003826530612244898,87,,,,,"too few (3 test positives, need 20)"
3,transformer,SIC-2,14,133,0,0.0,14,,,,,"too few (0 test positives, need 20)"
3,transformer,SIC-2,15,37,0,0.0,4,,,,,"too few (0 test positives, need 20)"
3,transformer,SIC-2,16,176,5,0.028409090909090908,18,,,,,"too few (5 test positives, need 20)"
3,transformer,SIC-2,17,142,0,0.0,15,,,,,"too few (0 test positives, need 20)"
3,transformer,SIC-2,20,997,7,0.007021063189568706,99,,,,,"too few (7 test positives, need 20)"
3,transformer,SIC-2,21,82,0,0.0,9,,,,,"too few (0 test positives, need 20)"
3,transformer,SIC-2,22,85,0,0.0,8,,,,,"too few (0 test positives, need 20)"
3,transformer,SIC-2,23,219,0,0.0,21,,,,,"too few (0 test positives, need 20)"
3,transformer,SIC-2,24,149,3,0.020134228187919462,13,,,,,"too few (3 test positives, need 20)"
3,transformer,SIC-2,25,199,0,0.0,18,,,,,"too few (0 test positives, need 20)"
3,transformer,SIC-2,26,216,0,0.0,20,,,,,"too few (0 test positives, need 20)"
3,transformer,SIC-2,27,128,0,0.0,11,,,,,"too few (0 test positives, need 20)"
3,transformer,SIC-2,28,4357,50,0.011475786091347258,516,0.12938152416010293,0.8766101694915254,0.04404540981112352,0.2642764684427143,reported
3,transformer,SIC-2,29,175,3,0.017142857142857144,16,,,,,"too few (3 test positives, need 20)"
3,transformer,SIC-2,30,229,0,0.0,23,,,,,"too few (0 test positives, need 20)"
3,transformer,SIC-2,31,108,0,0.0,9,,,,,"too few (0 test positives, need 20)"
3,transformer,SIC-2,32,104,1,0.009615384615384616,11,,,,,"too few (1 test positives, need 20)"
3,transformer,SIC-2,33,384,0,0.0,33,,,,,"too few (0 test positives, need 20)"
3,transformer,SIC-2,34,609,3,0.0049261083743842365,55,,,,,"too few (3 test positives, need 20)"
3,transformer,SIC-2,35,1738,10,0.005753739930955121,163,,,,,"too few (10 test positives, need 20)"
3,transformer,SIC-2,36,2600,19,0.007307692307692308,256,,,,,"too few (19 test positives, need 20)"
3,transformer,SIC-2,37,1050,14,0.013333333333333334,112,,,,,"too few (14 test positives, need 20)"
3,transformer,SIC-2,38,2963,27,0.00911238609517381,302,0.07865135925335043,0.9098925219497427,0.03269780289794913,0.17082641733797413,reported
3,transformer,SIC-2,39,340,4,0.011764705882352941,33,,,,,"too few (4 test positives, need 20)"
3,transformer,SIC-2,40,30,0,0.0,3,,,,,"too few (0 test positives, need 20)"
3,transformer,SIC-2,42,161,3,0.018633540372670808,16,,,,,"too few (3 test positives, need 20)"
3,transformer,SIC-2,44,120,0,0.0,10,,,,,"too few (0 test positives, need 20)"
3,transformer,SIC-2,45,221,3,0.013574660633484163,23,,,,,"too few (3 test positives, need 20)"
3,transformer,SIC-2,46,20,0,0.0,3,,,,,"too few (0 test positives, need 20)"
3,transformer,SIC-2,47,234,0,0.0,24,,,,,"too few (0 test positives, need 20)"
3,transformer,SIC-2,48,815,5,0.006134969325153374,80,,,,,"too few (5 test positives, need 20)"
3,transformer,SIC-2,49,1343,0,0.0,128,,,,,"too few (0 test positives, need 20)"
3,transformer,SIC-2,50,659,4,0.006069802731411229,64,,,,,"too few (4 test positives, need 20)"
3,transformer,SIC-2,51,444,2,0.0045045045045045045,44,,,,,"too few (2 test positives, need 20)"
3,transformer,SIC-2,52,128,2,0.015625,11,,,,,"too few (2 test positives, need 20)"
3,transformer,SIC-2,53,159,3,0.018867924528301886,14,,,,,"too few (3 test positives, need 20)"
3,transformer,SIC-2,54,127,0,0.0,12,,,,,"too few (0 test positives, need 20)"
3,transformer,SIC-2,55,300,5,0.016666666666666666,29,,,,,"too few (5 test positives, need 20)"
3,transformer,SIC-2,56,309,3,0.009708737864077669,27,,,,,"too few (3 test positives, need 20)"
3,transformer,SIC-2,57,115,5,0.043478260869565216,14,,,,,"too few (5 test positives, need 20)"
3,transformer,SIC-2,58,575,2,0.0034782608695652175,60,,,,,"too few (2 test positives, need 20)"
3,transformer,SIC-2,59,703,13,0.01849217638691323,80,,,,,"too few (13 test positives, need 20)"
3,transformer,SIC-2,70,247,0,0.0,23,,,,,"too few (0 test positives, need 20)"
3,transformer,SIC-2,72,144,0,0.0,17,,,,,"too few (0 test positives, need 20)"
3,transformer,SIC-2,73,4669,34,0.007282073249089741,544,0.14772195415020403,0.8378323497683863,0.01882215690884417,0.39323727367909084,reported
3,transformer,SIC-2,75,84,2,0.023809523809523808,10,,,,,"too few (2 test positives, need 20)"
3,transformer,SIC-2,76,12,0,0.0,1,,,,,"too few (0 test positives, need 20)"
3,transformer,SIC-2,78,100,0,0.0,14,,,,,"too few (0 test positives, need 20)"
3,transformer,SIC-2,79,340,0,0.0,39,,,,,"too few (0 test positives, need 20)"
3,transformer,SIC-2,80,791,17,0.021491782553729456,86,,,,,"too few (17 test positives, need 20)"
3,transformer,SIC-2,82,133,0,0.0,17,,,,,"too few (0 test positives, need 20)"
3,transformer,SIC-2,83,12,0,0.0,1,,,,,"too few (0 test positives, need 20)"
3,transformer,SIC-2,87,582,0,0.0,66,,,,,"too few (0 test positives, need 20)"
3,transformer,SIC-2,89,21,0,0.0,2,,,,,"too few (0 test positives, need 20)"
3,C_lstm,SIC-2,1,190,5,0.02631578947368421,22,,,,,"too few (5 test positives, need 20)"
3,C_lstm,SIC-2,2,25,0,0.0,3,,,,,"too few (0 test positives, need 20)"
3,C_lstm,SIC-2,7,80,0,0.0,7,,,,,"too few (0 test positives, need 20)"
3,C_lstm,SIC-2,9,14,1,0.07142857142857142,2,,,,,"too few (1 test positives, need 20)"
3,C_lstm,SIC-2,10,221,2,0.00904977375565611,22,,,,,"too few (2 test positives, need 20)"
3,C_lstm,SIC-2,12,84,0,0.0,7,,,,,"too few (0 test positives, need 20)"
3,C_lstm,SIC-2,13,784,3,0.003826530612244898,87,,,,,"too few (3 test positives, need 20)"
3,C_lstm,SIC-2,14,133,0,0.0,14,,,,,"too few (0 test positives, need 20)"
3,C_lstm,SIC-2,15,37,0,0.0,4,,,,,"too few (0 test positives, need 20)"
3,C_lstm,SIC-2,16,176,5,0.028409090909090908,18,,,,,"too few (5 test positives, need 20)"
3,C_lstm,SIC-2,17,142,0,0.0,15,,,,,"too few (0 test positives, need 20)"
3,C_lstm,SIC-2,20,997,7,0.007021063189568706,99,,,,,"too few (7 test positives, need 20)"
3,C_lstm,SIC-2,21,82,0,0.0,9,,,,,"too few (0 test positives, need 20)"
3,C_lstm,SIC-2,22,85,0,0.0,8,,,,,"too few (0 test positives, need 20)"
3,C_lstm,SIC-2,23,219,0,0.0,21,,,,,"too few (0 test positives, need 20)"
3,C_lstm,SIC-2,24,149,3,0.020134228187919462,13,,,,,"too few (3 test positives, need 20)"
3,C_lstm,SIC-2,25,199,0,0.0,18,,,,,"too few (0 test positives, need 20)"
3,C_lstm,SIC-2,26,216,0,0.0,20,,,,,"too few (0 test positives, need 20)"
3,C_lstm,SIC-2,27,128,0,0.0,11,,,,,"too few (0 test positives, need 20)"
3,C_lstm,SIC-2,28,4357,50,0.011475786091347258,516,0.1974166044405072,0.9347945205479453,0.08738819032671895,0.32623388814846865,reported
3,C_lstm,SIC-2,29,175,3,0.017142857142857144,16,,,,,"too few (3 test positives, need 20)"
3,C_lstm,SIC-2,30,229,0,0.0,23,,,,,"too few (0 test positives, need 20)"
3,C_lstm,SIC-2,31,108,0,0.0,9,,,,,"too few (0 test positives, need 20)"
3,C_lstm,SIC-2,32,104,1,0.009615384615384616,11,,,,,"too few (1 test positives, need 20)"
3,C_lstm,SIC-2,33,384,0,0.0,33,,,,,"too few (0 test positives, need 20)"
3,C_lstm,SIC-2,34,609,3,0.0049261083743842365,55,,,,,"too few (3 test positives, need 20)"
3,C_lstm,SIC-2,35,1738,10,0.005753739930955121,163,,,,,"too few (10 test positives, need 20)"
3,C_lstm,SIC-2,36,2600,19,0.007307692307692308,256,,,,,"too few (19 test positives, need 20)"
3,C_lstm,SIC-2,37,1050,14,0.013333333333333334,112,,,,,"too few (14 test positives, need 20)"
3,C_lstm,SIC-2,38,2963,27,0.00911238609517381,302,0.07522278281325606,0.8993339388434757,0.029808106923260434,0.15036396906124824,reported
3,C_lstm,SIC-2,39,340,4,0.011764705882352941,33,,,,,"too few (4 test positives, need 20)"
3,C_lstm,SIC-2,40,30,0,0.0,3,,,,,"too few (0 test positives, need 20)"
3,C_lstm,SIC-2,42,161,3,0.018633540372670808,16,,,,,"too few (3 test positives, need 20)"
3,C_lstm,SIC-2,44,120,0,0.0,10,,,,,"too few (0 test positives, need 20)"
3,C_lstm,SIC-2,45,221,3,0.013574660633484163,23,,,,,"too few (3 test positives, need 20)"
3,C_lstm,SIC-2,46,20,0,0.0,3,,,,,"too few (0 test positives, need 20)"
3,C_lstm,SIC-2,47,234,0,0.0,24,,,,,"too few (0 test positives, need 20)"
3,C_lstm,SIC-2,48,815,5,0.006134969325153374,80,,,,,"too few (5 test positives, need 20)"
3,C_lstm,SIC-2,49,1343,0,0.0,128,,,,,"too few (0 test positives, need 20)"
3,C_lstm,SIC-2,50,659,4,0.006069802731411229,64,,,,,"too few (4 test positives, need 20)"
3,C_lstm,SIC-2,51,444,2,0.0045045045045045045,44,,,,,"too few (2 test positives, need 20)"
3,C_lstm,SIC-2,52,128,2,0.015625,11,,,,,"too few (2 test positives, need 20)"
3,C_lstm,SIC-2,53,159,3,0.018867924528301886,14,,,,,"too few (3 test positives, need 20)"
3,C_lstm,SIC-2,54,127,0,0.0,12,,,,,"too few (0 test positives, need 20)"
3,C_lstm,SIC-2,55,300,5,0.016666666666666666,29,,,,,"too few (5 test positives, need 20)"
3,C_lstm,SIC-2,56,309,3,0.009708737864077669,27,,,,,"too few (3 test positives, need 20)"
3,C_lstm,SIC-2,57,115,5,0.043478260869565216,14,,,,,"too few (5 test positives, need 20)"
3,C_lstm,SIC-2,58,575,2,0.0034782608695652175,60,,,,,"too few (2 test positives, need 20)"
3,C_lstm,SIC-2,59,703,13,0.01849217638691323,80,,,,,"too few (13 test positives, need 20)"
3,C_lstm,SIC-2,70,247,0,0.0,23,,,,,"too few (0 test positives, need 20)"
3,C_lstm,SIC-2,72,144,0,0.0,17,,,,,"too few (0 test positives, need 20)"
3,C_lstm,SIC-2,73,4669,34,0.007282073249089741,544,0.1374067947534878,0.8035091059077353,0.015865588888689337,0.33303696146072137,reported
3,C_lstm,SIC-2,75,84,2,0.023809523809523808,10,,,,,"too few (2 test positives, need 20)"
3,C_lstm,SIC-2,76,12,0,0.0,1,,,,,"too few (0 test positives, need 20)"
3,C_lstm,SIC-2,78,100,0,0.0,14,,,,,"too few (0 test positives, need 20)"
3,C_lstm,SIC-2,79,340,0,0.0,39,,,,,"too few (0 test positives, need 20)"
3,C_lstm,SIC-2,80,791,17,0.021491782553729456,86,,,,,"too few (17 test positives, need 20)"
3,C_lstm,SIC-2,82,133,0,0.0,17,,,,,"too few (0 test positives, need 20)"
3,C_lstm,SIC-2,83,12,0,0.0,1,,,,,"too few (0 test positives, need 20)"
3,C_lstm,SIC-2,87,582,0,0.0,66,,,,,"too few (0 test positives, need 20)"
3,C_lstm,SIC-2,89,21,0,0.0,2,,,,,"too few (0 test positives, need 20)"
4,altman_zdp,SIC-2,1,190,7,0.03684210526315789,22,,,,,"too few (7 test positives, need 20)"
4,altman_zdp,SIC-2,2,25,0,0.0,3,,,,,"too few (0 test positives, need 20)"
4,altman_zdp,SIC-2,7,80,0,0.0,7,,,,,"too few (0 test positives, need 20)"
4,altman_zdp,SIC-2,9,14,2,0.14285714285714285,2,,,,,"too few (2 test positives, need 20)"
4,altman_zdp,SIC-2,10,221,3,0.013574660633484163,22,,,,,"too few (3 test positives, need 20)"
4,altman_zdp,SIC-2,12,84,0,0.0,7,,,,,"too few (0 test positives, need 20)"
4,altman_zdp,SIC-2,13,784,4,0.00510204081632653,87,,,,,"too few (4 test positives, need 20)"
4,altman_zdp,SIC-2,14,133,0,0.0,14,,,,,"too few (0 test positives, need 20)"
4,altman_zdp,SIC-2,15,37,0,0.0,4,,,,,"too few (0 test positives, need 20)"
4,altman_zdp,SIC-2,16,176,6,0.03409090909090909,18,,,,,"too few (6 test positives, need 20)"
4,altman_zdp,SIC-2,17,142,0,0.0,15,,,,,"too few (0 test positives, need 20)"
4,altman_zdp,SIC-2,20,997,10,0.010030090270812437,99,,,,,"too few (10 test positives, need 20)"
4,altman_zdp,SIC-2,21,82,0,0.0,9,,,,,"too few (0 test positives, need 20)"
4,altman_zdp,SIC-2,22,85,0,0.0,8,,,,,"too few (0 test positives, need 20)"
4,altman_zdp,SIC-2,23,219,0,0.0,21,,,,,"too few (0 test positives, need 20)"
4,altman_zdp,SIC-2,24,149,4,0.026845637583892617,13,,,,,"too few (4 test positives, need 20)"
4,altman_zdp,SIC-2,25,199,0,0.0,18,,,,,"too few (0 test positives, need 20)"
4,altman_zdp,SIC-2,26,216,0,0.0,20,,,,,"too few (0 test positives, need 20)"
4,altman_zdp,SIC-2,27,128,0,0.0,11,,,,,"too few (0 test positives, need 20)"
4,altman_zdp,SIC-2,28,4357,69,0.015836584806059217,516,0.04118145040594298,0.8152951276227558,0.024838863457762025,0.06694858689439104,reported
4,altman_zdp,SIC-2,29,175,4,0.022857142857142857,16,,,,,"too few (4 test positives, need 20)"
4,altman_zdp,SIC-2,30,229,1,0.004366812227074236,23,,,,,"too few (1 test positives, need 20)"
4,altman_zdp,SIC-2,31,108,0,0.0,9,,,,,"too few (0 test positives, need 20)"
4,altman_zdp,SIC-2,32,104,2,0.019230769230769232,11,,,,,"too few (2 test positives, need 20)"
4,altman_zdp,SIC-2,33,384,0,0.0,33,,,,,"too few (0 test positives, need 20)"
4,altman_zdp,SIC-2,34,609,4,0.006568144499178982,55,,,,,"too few (4 test positives, need 20)"
4,altman_zdp,SIC-2,35,1738,13,0.007479861910241657,163,,,,,"too few (13 test positives, need 20)"
4,altman_zdp,SIC-2,36,2600,29,0.011153846153846153,256,0.04087520005467318,0.8583806113279416,0.01713672544316036,0.09259257499067794,reported
4,altman_zdp,SIC-2,37,1050,19,0.018095238095238095,112,,,,,"too few (19 test positives, need 20)"
4,altman_zdp,SIC-2,38,2963,38,0.01282483968950388,302,0.025877544811838175,0.7642285200179937,0.012113701328469562,0.051457317795623236,reported
4,altman_zdp,SIC-2,39,340,6,0.01764705882352941,33,,,,,"too few (6 test positives, need 20)"
4,altman_zdp,SIC-2,40,30,0,0.0,3,,,,,"too few (0 test positives, need 20)"
4,altman_zdp,SIC-2,42,161,4,0.024844720496894408,16,,,,,"too few (4 test positives, need 20)"
4,altman_zdp,SIC-2,44,120,0,0.0,10,,,,,"too few (0 test positives, need 20)"
4,altman_zdp,SIC-2,45,221,4,0.01809954751131222,23,,,,,"too few (4 test positives, need 20)"
4,altman_zdp,SIC-2,46,20,0,0.0,3,,,,,"too few (0 test positives, need 20)"
4,altman_zdp,SIC-2,47,234,0,0.0,24,,,,,"too few (0 test positives, need 20)"
4,altman_zdp,SIC-2,48,815,6,0.007361963190184049,80,,,,,"too few (6 test positives, need 20)"
4,altman_zdp,SIC-2,49,1343,0,0.0,128,,,,,"too few (0 test positives, need 20)"
4,altman_zdp,SIC-2,50,659,6,0.009104704097116844,64,,,,,"too few (6 test positives, need 20)"
4,altman_zdp,SIC-2,51,444,3,0.006756756756756757,44,,,,,"too few (3 test positives, need 20)"
4,altman_zdp,SIC-2,52,128,3,0.0234375,11,,,,,"too few (3 test positives, need 20)"
4,altman_zdp,SIC-2,53,159,4,0.025157232704402517,14,,,,,"too few (4 test positives, need 20)"
4,altman_zdp,SIC-2,54,127,0,0.0,12,,,,,"too few (0 test positives, need 20)"
4,altman_zdp,SIC-2,55,300,7,0.023333333333333334,29,,,,,"too few (7 test positives, need 20)"
4,altman_zdp,SIC-2,56,309,4,0.012944983818770227,27,,,,,"too few (4 test positives, need 20)"
4,altman_zdp,SIC-2,57,115,7,0.06086956521739131,14,,,,,"too few (7 test positives, need 20)"
4,altman_zdp,SIC-2,58,575,3,0.0052173913043478265,60,,,,,"too few (3 test positives, need 20)"
4,altman_zdp,SIC-2,59,703,18,0.025604551920341393,80,,,,,"too few (18 test positives, need 20)"
4,altman_zdp,SIC-2,70,247,0,0.0,23,,,,,"too few (0 test positives, need 20)"
4,altman_zdp,SIC-2,72,144,0,0.0,17,,,,,"too few (0 test positives, need 20)"
4,altman_zdp,SIC-2,73,4669,46,0.009852216748768473,544,0.026477619399417694,0.7871370933611714,0.012023822056133244,0.05239616963678571,reported
4,altman_zdp,SIC-2,75,84,3,0.03571428571428571,10,,,,,"too few (3 test positives, need 20)"
4,altman_zdp,SIC-2,76,12,0,0.0,1,,,,,"too few (0 test positives, need 20)"
4,altman_zdp,SIC-2,78,100,0,0.0,14,,,,,"too few (0 test positives, need 20)"
4,altman_zdp,SIC-2,79,340,0,0.0,39,,,,,"too few (0 test positives, need 20)"
4,altman_zdp,SIC-2,80,791,24,0.03034134007585335,86,0.08983357624524509,0.8461538461538461,0.03700200436624017,0.19859983413198048,reported
4,altman_zdp,SIC-2,82,133,0,0.0,17,,,,,"too few (0 test positives, need 20)"
4,altman_zdp,SIC-2,83,12,0,0.0,1,,,,,"too few (0 test positives, need 20)"
4,altman_zdp,SIC-2,87,582,0,0.0,66,,,,,"too few (0 test positives, need 20)"
4,altman_zdp,SIC-2,89,21,0,0.0,2,,,,,"too few (0 test positives, need 20)"
4,xgboost,SIC-2,1,190,7,0.03684210526315789,22,,,,,"too few (7 test positives, need 20)"
4,xgboost,SIC-2,2,25,0,0.0,3,,,,,"too few (0 test positives, need 20)"
4,xgboost,SIC-2,7,80,0,0.0,7,,,,,"too few (0 test positives, need 20)"
4,xgboost,SIC-2,9,14,2,0.14285714285714285,2,,,,,"too few (2 test positives, need 20)"
4,xgboost,SIC-2,10,221,3,0.013574660633484163,22,,,,,"too few (3 test positives, need 20)"
4,xgboost,SIC-2,12,84,0,0.0,7,,,,,"too few (0 test positives, need 20)"
4,xgboost,SIC-2,13,784,4,0.00510204081632653,87,,,,,"too few (4 test positives, need 20)"
4,xgboost,SIC-2,14,133,0,0.0,14,,,,,"too few (0 test positives, need 20)"
4,xgboost,SIC-2,15,37,0,0.0,4,,,,,"too few (0 test positives, need 20)"
4,xgboost,SIC-2,16,176,6,0.03409090909090909,18,,,,,"too few (6 test positives, need 20)"
4,xgboost,SIC-2,17,142,0,0.0,15,,,,,"too few (0 test positives, need 20)"
4,xgboost,SIC-2,20,997,10,0.010030090270812437,99,,,,,"too few (10 test positives, need 20)"
4,xgboost,SIC-2,21,82,0,0.0,9,,,,,"too few (0 test positives, need 20)"
4,xgboost,SIC-2,22,85,0,0.0,8,,,,,"too few (0 test positives, need 20)"
4,xgboost,SIC-2,23,219,0,0.0,21,,,,,"too few (0 test positives, need 20)"
4,xgboost,SIC-2,24,149,4,0.026845637583892617,13,,,,,"too few (4 test positives, need 20)"
4,xgboost,SIC-2,25,199,0,0.0,18,,,,,"too few (0 test positives, need 20)"
4,xgboost,SIC-2,26,216,0,0.0,20,,,,,"too few (0 test positives, need 20)"
4,xgboost,SIC-2,27,128,0,0.0,11,,,,,"too few (0 test positives, need 20)"
4,xgboost,SIC-2,28,4357,69,0.015836584806059217,516,0.21121446513033285,0.8835408555050833,0.08431457744384299,0.3768584824637263,reported
4,xgboost,SIC-2,29,175,4,0.022857142857142857,16,,,,,"too few (4 test positives, need 20)"
4,xgboost,SIC-2,30,229,1,0.004366812227074236,23,,,,,"too few (1 test positives, need 20)"
4,xgboost,SIC-2,31,108,0,0.0,9,,,,,"too few (0 test positives, need 20)"
4,xgboost,SIC-2,32,104,2,0.019230769230769232,11,,,,,"too few (2 test positives, need 20)"
4,xgboost,SIC-2,33,384,0,0.0,33,,,,,"too few (0 test positives, need 20)"
4,xgboost,SIC-2,34,609,4,0.006568144499178982,55,,,,,"too few (4 test positives, need 20)"
4,xgboost,SIC-2,35,1738,13,0.007479861910241657,163,,,,,"too few (13 test positives, need 20)"
4,xgboost,SIC-2,36,2600,29,0.011153846153846153,256,0.09492362439317095,0.8908113037996754,0.034041333854580164,0.22326485268179136,reported
4,xgboost,SIC-2,37,1050,19,0.018095238095238095,112,,,,,"too few (19 test positives, need 20)"
4,xgboost,SIC-2,38,2963,38,0.01282483968950388,302,0.11539866480835742,0.8945479082321186,0.045017326497281934,0.28479302613293134,reported
4,xgboost,SIC-2,39,340,6,0.01764705882352941,33,,,,,"too few (6 test positives, need 20)"
4,xgboost,SIC-2,40,30,0,0.0,3,,,,,"too few (0 test positives, need 20)"
4,xgboost,SIC-2,42,161,4,0.024844720496894408,16,,,,,"too few (4 test positives, need 20)"
4,xgboost,SIC-2,44,120,0,0.0,10,,,,,"too few (0 test positives, need 20)"
4,xgboost,SIC-2,45,221,4,0.01809954751131222,23,,,,,"too few (4 test positives, need 20)"
4,xgboost,SIC-2,46,20,0,0.0,3,,,,,"too few (0 test positives, need 20)"
4,xgboost,SIC-2,47,234,0,0.0,24,,,,,"too few (0 test positives, need 20)"
4,xgboost,SIC-2,48,815,6,0.007361963190184049,80,,,,,"too few (6 test positives, need 20)"
4,xgboost,SIC-2,49,1343,0,0.0,128,,,,,"too few (0 test positives, need 20)"
4,xgboost,SIC-2,50,659,6,0.009104704097116844,64,,,,,"too few (6 test positives, need 20)"
4,xgboost,SIC-2,51,444,3,0.006756756756756757,44,,,,,"too few (3 test positives, need 20)"
4,xgboost,SIC-2,52,128,3,0.0234375,11,,,,,"too few (3 test positives, need 20)"
4,xgboost,SIC-2,53,159,4,0.025157232704402517,14,,,,,"too few (4 test positives, need 20)"
4,xgboost,SIC-2,54,127,0,0.0,12,,,,,"too few (0 test positives, need 20)"
4,xgboost,SIC-2,55,300,7,0.023333333333333334,29,,,,,"too few (7 test positives, need 20)"
4,xgboost,SIC-2,56,309,4,0.012944983818770227,27,,,,,"too few (4 test positives, need 20)"
4,xgboost,SIC-2,57,115,7,0.06086956521739131,14,,,,,"too few (7 test positives, need 20)"
4,xgboost,SIC-2,58,575,3,0.0052173913043478265,60,,,,,"too few (3 test positives, need 20)"
4,xgboost,SIC-2,59,703,18,0.025604551920341393,80,,,,,"too few (18 test positives, need 20)"
4,xgboost,SIC-2,70,247,0,0.0,23,,,,,"too few (0 test positives, need 20)"
4,xgboost,SIC-2,72,144,0,0.0,17,,,,,"too few (0 test positives, need 20)"
4,xgboost,SIC-2,73,4669,46,0.009852216748768473,544,0.12833215814226243,0.9104524635800204,0.03582772493639165,0.26903915712561316,reported
4,xgboost,SIC-2,75,84,3,0.03571428571428571,10,,,,,"too few (3 test positives, need 20)"
4,xgboost,SIC-2,76,12,0,0.0,1,,,,,"too few (0 test positives, need 20)"
4,xgboost,SIC-2,78,100,0,0.0,14,,,,,"too few (0 test positives, need 20)"
4,xgboost,SIC-2,79,340,0,0.0,39,,,,,"too few (0 test positives, need 20)"
4,xgboost,SIC-2,80,791,24,0.03034134007585335,86,0.3819663068035915,0.8996631899174272,0.1274421392932451,0.7584850337743844,reported
4,xgboost,SIC-2,82,133,0,0.0,17,,,,,"too few (0 test positives, need 20)"
4,xgboost,SIC-2,83,12,0,0.0,1,,,,,"too few (0 test positives, need 20)"
4,xgboost,SIC-2,87,582,0,0.0,66,,,,,"too few (0 test positives, need 20)"
4,xgboost,SIC-2,89,21,0,0.0,2,,,,,"too few (0 test positives, need 20)"
4,transformer,SIC-2,1,190,7,0.03684210526315789,22,,,,,"too few (7 test positives, need 20)"
4,transformer,SIC-2,2,25,0,0.0,3,,,,,"too few (0 test positives, need 20)"
4,transformer,SIC-2,7,80,0,0.0,7,,,,,"too few (0 test positives, need 20)"
4,transformer,SIC-2,9,14,2,0.14285714285714285,2,,,,,"too few (2 test positives, need 20)"
4,transformer,SIC-2,10,221,3,0.013574660633484163,22,,,,,"too few (3 test positives, need 20)"
4,transformer,SIC-2,12,84,0,0.0,7,,,,,"too few (0 test positives, need 20)"
4,transformer,SIC-2,13,784,4,0.00510204081632653,87,,,,,"too few (4 test positives, need 20)"
4,transformer,SIC-2,14,133,0,0.0,14,,,,,"too few (0 test positives, need 20)"
4,transformer,SIC-2,15,37,0,0.0,4,,,,,"too few (0 test positives, need 20)"
4,transformer,SIC-2,16,176,6,0.03409090909090909,18,,,,,"too few (6 test positives, need 20)"
4,transformer,SIC-2,17,142,0,0.0,15,,,,,"too few (0 test positives, need 20)"
4,transformer,SIC-2,20,997,10,0.010030090270812437,99,,,,,"too few (10 test positives, need 20)"
4,transformer,SIC-2,21,82,0,0.0,9,,,,,"too few (0 test positives, need 20)"
4,transformer,SIC-2,22,85,0,0.0,8,,,,,"too few (0 test positives, need 20)"
4,transformer,SIC-2,23,219,0,0.0,21,,,,,"too few (0 test positives, need 20)"
4,transformer,SIC-2,24,149,4,0.026845637583892617,13,,,,,"too few (4 test positives, need 20)"
4,transformer,SIC-2,25,199,0,0.0,18,,,,,"too few (0 test positives, need 20)"
4,transformer,SIC-2,26,216,0,0.0,20,,,,,"too few (0 test positives, need 20)"
4,transformer,SIC-2,27,128,0,0.0,11,,,,,"too few (0 test positives, need 20)"
4,transformer,SIC-2,28,4357,69,0.015836584806059217,516,0.1013681368665138,0.8602503785420723,0.04200905453879121,0.22414690478769317,reported
4,transformer,SIC-2,29,175,4,0.022857142857142857,16,,,,,"too few (4 test positives, need 20)"
4,transformer,SIC-2,30,229,1,0.004366812227074236,23,,,,,"too few (1 test positives, need 20)"
4,transformer,SIC-2,31,108,0,0.0,9,,,,,"too few (0 test positives, need 20)"
4,transformer,SIC-2,32,104,2,0.019230769230769232,11,,,,,"too few (2 test positives, need 20)"
4,transformer,SIC-2,33,384,0,0.0,33,,,,,"too few (0 test positives, need 20)"
4,transformer,SIC-2,34,609,4,0.006568144499178982,55,,,,,"too few (4 test positives, need 20)"
4,transformer,SIC-2,35,1738,13,0.007479861910241657,163,,,,,"too few (13 test positives, need 20)"
4,transformer,SIC-2,36,2600,29,0.011153846153846153,256,0.08957607419648103,0.882200673292292,0.02682285338127362,0.23918067656480652,reported
4,transformer,SIC-2,37,1050,19,0.018095238095238095,112,,,,,"too few (19 test positives, need 20)"
4,transformer,SIC-2,38,2963,38,0.01282483968950388,302,0.08911141582924166,0.8866936572199731,0.03301000389173609,0.19268676008848745,reported
4,transformer,SIC-2,39,340,6,0.01764705882352941,33,,,,,"too few (6 test positives, need 20)"
4,transformer,SIC-2,40,30,0,0.0,3,,,,,"too few (0 test positives, need 20)"
4,transformer,SIC-2,42,161,4,0.024844720496894408,16,,,,,"too few (4 test positives, need 20)"
4,transformer,SIC-2,44,120,0,0.0,10,,,,,"too few (0 test positives, need 20)"
4,transformer,SIC-2,45,221,4,0.01809954751131222,23,,,,,"too few (4 test positives, need 20)"
4,transformer,SIC-2,46,20,0,0.0,3,,,,,"too few (0 test positives, need 20)"
4,transformer,SIC-2,47,234,0,0.0,24,,,,,"too few (0 test positives, need 20)"
4,transformer,SIC-2,48,815,6,0.007361963190184049,80,,,,,"too few (6 test positives, need 20)"
4,transformer,SIC-2,49,1343,0,0.0,128,,,,,"too few (0 test positives, need 20)"
4,transformer,SIC-2,50,659,6,0.009104704097116844,64,,,,,"too few (6 test positives, need 20)"
4,transformer,SIC-2,51,444,3,0.006756756756756757,44,,,,,"too few (3 test positives, need 20)"
4,transformer,SIC-2,52,128,3,0.0234375,11,,,,,"too few (3 test positives, need 20)"
4,transformer,SIC-2,53,159,4,0.025157232704402517,14,,,,,"too few (4 test positives, need 20)"
4,transformer,SIC-2,54,127,0,0.0,12,,,,,"too few (0 test positives, need 20)"
4,transformer,SIC-2,55,300,7,0.023333333333333334,29,,,,,"too few (7 test positives, need 20)"
4,transformer,SIC-2,56,309,4,0.012944983818770227,27,,,,,"too few (4 test positives, need 20)"
4,transformer,SIC-2,57,115,7,0.06086956521739131,14,,,,,"too few (7 test positives, need 20)"
4,transformer,SIC-2,58,575,3,0.0052173913043478265,60,,,,,"too few (3 test positives, need 20)"
4,transformer,SIC-2,59,703,18,0.025604551920341393,80,,,,,"too few (18 test positives, need 20)"
4,transformer,SIC-2,70,247,0,0.0,23,,,,,"too few (0 test positives, need 20)"
4,transformer,SIC-2,72,144,0,0.0,17,,,,,"too few (0 test positives, need 20)"
4,transformer,SIC-2,73,4669,46,0.009852216748768473,544,0.11503028866924957,0.827370707897187,0.017400072198350127,0.28646182662887415,reported
4,transformer,SIC-2,75,84,3,0.03571428571428571,10,,,,,"too few (3 test positives, need 20)"
4,transformer,SIC-2,76,12,0,0.0,1,,,,,"too few (0 test positives, need 20)"
4,transformer,SIC-2,78,100,0,0.0,14,,,,,"too few (0 test positives, need 20)"
4,transformer,SIC-2,79,340,0,0.0,39,,,,,"too few (0 test positives, need 20)"
4,transformer,SIC-2,80,791,24,0.03034134007585335,86,0.23805112038686319,0.875651890482399,0.05952010176569182,0.5205897485425545,reported
4,transformer,SIC-2,82,133,0,0.0,17,,,,,"too few (0 test positives, need 20)"
4,transformer,SIC-2,83,12,0,0.0,1,,,,,"too few (0 test positives, need 20)"
4,transformer,SIC-2,87,582,0,0.0,66,,,,,"too few (0 test positives, need 20)"
4,transformer,SIC-2,89,21,0,0.0,2,,,,,"too few (0 test positives, need 20)"
4,C_lstm,SIC-2,1,190,7,0.03684210526315789,22,,,,,"too few (7 test positives, need 20)"
4,C_lstm,SIC-2,2,25,0,0.0,3,,,,,"too few (0 test positives, need 20)"
4,C_lstm,SIC-2,7,80,0,0.0,7,,,,,"too few (0 test positives, need 20)"
4,C_lstm,SIC-2,9,14,2,0.14285714285714285,2,,,,,"too few (2 test positives, need 20)"
4,C_lstm,SIC-2,10,221,3,0.013574660633484163,22,,,,,"too few (3 test positives, need 20)"
4,C_lstm,SIC-2,12,84,0,0.0,7,,,,,"too few (0 test positives, need 20)"
4,C_lstm,SIC-2,13,784,4,0.00510204081632653,87,,,,,"too few (4 test positives, need 20)"
4,C_lstm,SIC-2,14,133,0,0.0,14,,,,,"too few (0 test positives, need 20)"
4,C_lstm,SIC-2,15,37,0,0.0,4,,,,,"too few (0 test positives, need 20)"
4,C_lstm,SIC-2,16,176,6,0.03409090909090909,18,,,,,"too few (6 test positives, need 20)"
4,C_lstm,SIC-2,17,142,0,0.0,15,,,,,"too few (0 test positives, need 20)"
4,C_lstm,SIC-2,20,997,10,0.010030090270812437,99,,,,,"too few (10 test positives, need 20)"
4,C_lstm,SIC-2,21,82,0,0.0,9,,,,,"too few (0 test positives, need 20)"
4,C_lstm,SIC-2,22,85,0,0.0,8,,,,,"too few (0 test positives, need 20)"
4,C_lstm,SIC-2,23,219,0,0.0,21,,,,,"too few (0 test positives, need 20)"
4,C_lstm,SIC-2,24,149,4,0.026845637583892617,13,,,,,"too few (4 test positives, need 20)"
4,C_lstm,SIC-2,25,199,0,0.0,18,,,,,"too few (0 test positives, need 20)"
4,C_lstm,SIC-2,26,216,0,0.0,20,,,,,"too few (0 test positives, need 20)"
4,C_lstm,SIC-2,27,128,0,0.0,11,,,,,"too few (0 test positives, need 20)"
4,C_lstm,SIC-2,28,4357,69,0.015836584806059217,516,0.20652726133299434,0.919269143413368,0.10392614420799313,0.3435698938182576,reported
4,C_lstm,SIC-2,29,175,4,0.022857142857142857,16,,,,,"too few (4 test positives, need 20)"
4,C_lstm,SIC-2,30,229,1,0.004366812227074236,23,,,,,"too few (1 test positives, need 20)"
4,C_lstm,SIC-2,31,108,0,0.0,9,,,,,"too few (0 test positives, need 20)"
4,C_lstm,SIC-2,32,104,2,0.019230769230769232,11,,,,,"too few (2 test positives, need 20)"
4,C_lstm,SIC-2,33,384,0,0.0,33,,,,,"too few (0 test positives, need 20)"
4,C_lstm,SIC-2,34,609,4,0.006568144499178982,55,,,,,"too few (4 test positives, need 20)"
4,C_lstm,SIC-2,35,1738,13,0.007479861910241657,163,,,,,"too few (13 test positives, need 20)"
4,C_lstm,SIC-2,36,2600,29,0.011153846153846153,256,0.16350621552417344,0.9087165868640942,0.061073797542727064,0.3303394336167455,reported
4,C_lstm,SIC-2,37,1050,19,0.018095238095238095,112,,,,,"too few (19 test positives, need 20)"
4,C_lstm,SIC-2,38,2963,38,0.01282483968950388,302,0.08788569849372829,0.8637156995051732,0.032742140216152814,0.17231563552417228,reported
4,C_lstm,SIC-2,39,340,6,0.01764705882352941,33,,,,,"too few (6 test positives, need 20)"
4,C_lstm,SIC-2,40,30,0,0.0,3,,,,,"too few (0 test positives, need 20)"
4,C_lstm,SIC-2,42,161,4,0.024844720496894408,16,,,,,"too few (4 test positives, need 20)"
4,C_lstm,SIC-2,44,120,0,0.0,10,,,,,"too few (0 test positives, need 20)"
4,C_lstm,SIC-2,45,221,4,0.01809954751131222,23,,,,,"too few (4 test positives, need 20)"
4,C_lstm,SIC-2,46,20,0,0.0,3,,,,,"too few (0 test positives, need 20)"
4,C_lstm,SIC-2,47,234,0,0.0,24,,,,,"too few (0 test positives, need 20)"
4,C_lstm,SIC-2,48,815,6,0.007361963190184049,80,,,,,"too few (6 test positives, need 20)"
4,C_lstm,SIC-2,49,1343,0,0.0,128,,,,,"too few (0 test positives, need 20)"
4,C_lstm,SIC-2,50,659,6,0.009104704097116844,64,,,,,"too few (6 test positives, need 20)"
4,C_lstm,SIC-2,51,444,3,0.006756756756756757,44,,,,,"too few (3 test positives, need 20)"
4,C_lstm,SIC-2,52,128,3,0.0234375,11,,,,,"too few (3 test positives, need 20)"
4,C_lstm,SIC-2,53,159,4,0.025157232704402517,14,,,,,"too few (4 test positives, need 20)"
4,C_lstm,SIC-2,54,127,0,0.0,12,,,,,"too few (0 test positives, need 20)"
4,C_lstm,SIC-2,55,300,7,0.023333333333333334,29,,,,,"too few (7 test positives, need 20)"
4,C_lstm,SIC-2,56,309,4,0.012944983818770227,27,,,,,"too few (4 test positives, need 20)"
4,C_lstm,SIC-2,57,115,7,0.06086956521739131,14,,,,,"too few (7 test positives, need 20)"
4,C_lstm,SIC-2,58,575,3,0.0052173913043478265,60,,,,,"too few (3 test positives, need 20)"
4,C_lstm,SIC-2,59,703,18,0.025604551920341393,80,,,,,"too few (18 test positives, need 20)"
4,C_lstm,SIC-2,70,247,0,0.0,23,,,,,"too few (0 test positives, need 20)"
4,C_lstm,SIC-2,72,144,0,0.0,17,,,,,"too few (0 test positives, need 20)"
4,C_lstm,SIC-2,73,4669,46,0.009852216748768473,544,0.09320396434104243,0.8188264725521731,0.022441979264480084,0.25663479178886717,reported
4,C_lstm,SIC-2,75,84,3,0.03571428571428571,10,,,,,"too few (3 test positives, need 20)"
4,C_lstm,SIC-2,76,12,0,0.0,1,,,,,"too few (0 test positives, need 20)"
4,C_lstm,SIC-2,78,100,0,0.0,14,,,,,"too few (0 test positives, need 20)"
4,C_lstm,SIC-2,79,340,0,0.0,39,,,,,"too few (0 test positives, need 20)"
4,C_lstm,SIC-2,80,791,24,0.03034134007585335,86,0.39854997082676136,0.9336701434159062,0.17586933529539703,0.7159193083513171,reported
4,C_lstm,SIC-2,82,133,0,0.0,17,,,,,"too few (0 test positives, need 20)"
4,C_lstm,SIC-2,83,12,0,0.0,1,,,,,"too few (0 test positives, need 20)"
4,C_lstm,SIC-2,87,582,0,0.0,66,,,,,"too few (0 test positives, need 20)"
4,C_lstm,SIC-2,89,21,0,0.0,2,,,,,"too few (0 test positives, need 20)"
